region_country,year,code,Greenhouse gas emissions per capita,population,electricity_generation,Urban_pct,ev_sales,ev_sales_log,population_log,electricity_generation_log,electricity_per_capita,ev_sales_share,expected_ev_sales_log,adoption_gap_log,expected_ev_sales,adoption_gap_sales
Luxembourg,2024,LUX,11.798287,673042,1.50999999,94.84387029,16800.0,9.729193687429403,13.419564499602139,0.9202827491596288,2.243544964504444e-06,36.0,7.00968766937126,2.7195060180581425,1106.3086044932193,15693.691395506781
United Kingdom,2024,GBR,5.6448607,69138185,284.1600037,83.24295444,550000.0,13.217675375388819,18.05161775549222,5.653050439224599,4.110029843855461e-06,28.0,11.696991016034872,1.5206843593539467,120208.46190957763,429791.5380904224
Portugal,2024,PRT,5.1978517,10425291,47.27000046,61.32819073,70000.0,11.156264806643742,16.159745334849205,3.87681025920213,4.534166044861481e-06,33.0,9.662895020334076,1.4933697863096658,15722.237935817855,54277.76206418214
China,2024,CHN,9.939262,1419321284,10086.87988,65.8946981,11300000.0,16.24031337217814,21.073444625986458,9.21908997035737,7.1068333813558175e-06,48.0,14.869286220823824,1.3710271513543155,2868460.0397231984,8431539.960276801
Belgium,2024,BEL,9.195861,11738761,76.01000214,87.6126557,197000.0,12.190964083849375,16.278406915355788,4.343935311339758,6.475129882957835e-06,43.0,10.909305469797914,1.2816586140514605,54681.85321997273,142318.14678002728
Denmark,2024,DNK,7.6854186,5977417,35.06000137,88.69605527,96100.0,11.473155000731508,15.603499260110945,3.585184255767406,5.865409987290497e-06,56.0,10.254841138649681,1.2183138620818266,28418.7935862495,67681.20641375051
Costa Rica,2024,CRI,2.9205217,5129909,11.0,79.31076724,11022.0,9.307739277963316,15.450598673133408,2.4849066497880004,2.144287549740161e-06,15.0,8.169509066674209,1.1382302112891072,3530.6097530452407,7491.390246954759
Ireland,2024,IRL,11.456779,5255016,31.07999992,64.34703793,30000.0,10.308985993422082,15.474693797302228,3.468232780504548,5.914349246510382e-06,25.0,9.208136433791765,1.1008495596303174,9976.98488704111,20023.015112958892
Uzbekistan,2024,UZB,5.7250333,36361859,81.5,50.99866867,22600.0,10.025749432069084,17.409030981080686,4.412798293340635,2.2413595520515056e-06,5.0,8.927598406417587,1.0981510256514966,7536.142470047644,15063.857529952356
Indonesia,2024,IDN,6.711167,283487933,371.5400085,58.75096354,49150.0,10.802652471248297,19.462680119379783,5.920344437421198,1.3106025521728292e-06,7.3,9.743746844315183,1.0589056269331145,17046.295429870024,32103.704570129976
Thailand,2024,THA,6.3726296,71668010,199.5200043,61.86893384,80400.0,11.294781892900653,18.08755505538743,5.300914013839548,2.7839478771630467e-06,13.0,10.249696471821835,1.0450854210788183,28272.958674606394,52127.041325393606
Viet Nam,2024,VNM,5.777901,100987685,303.5799866,38.49007034,69084.0,11.14309290949077,18.430509146580512,5.718933734428535,3.006108978535353e-06,17.0,10.15975821756274,0.9833346919280306,25841.04815094145,43242.95184905855
Germany,2024,DEU,7.8017473,84552234,495.9899902,82.02114326,570000.0,13.25339339419516,18.252880067022176,6.208569885451151,5.866077887427552e-06,19.0,12.453461946108291,0.799931448086868,256134.5168536585,313865.4831463415
Lithuania,2024,LTU,7.6165133,2859112,7.389999866,68.82858333,3500.0,8.160803920954665,14.866021994832582,2.12704050450772,2.584718565064957e-06,12.0,7.4676405229141665,0.6931633980404985,1749.4716115304857,1750.5283884695143
Netherlands,2024,NLD,8.075445,18228740,122.3300018,95.63965171,182000.0,12.111767460549332,16.71851008228422,4.814863704172886,6.710831456260828e-06,48.0,11.687332942238868,0.4244345183104645,119053.05852223319,62946.94147776681
India,2024,IND,2.9376976,1450935785,2036.52002,35.37889724,92095.0,11.43058679024704,21.095474554872627,7.619488670833617,1.403590731618767e-06,2.1,11.083781723562424,0.34680506668461497,65105.63372627846,26989.36627372154
Italy,2024,ITA,5.9985695,59342870,267.5599976,69.60475351,118000.0,11.678448377988165,17.898842553860817,5.593074343735229,4.5087134747611625e-06,7.9,11.369832238651156,0.3086161393370084,86666.32683705314,31333.673162946856
Romania,2024,ROU,4.747173,19015096,52.72000122,52.16747789,9800.0,9.19023970026918,16.76074380056735,3.9837853943653867,2.7725340550476317e-06,6.5,8.923539473261599,0.2667002270075809,7505.61171563625,2294.3882843637502
Austria,2024,AUT,7.482617,9120815,78.47000122,69.46581811,62000.0,11.034905792929415,16.026069831732194,4.375379607303793,8.603397966080882e-06,24.0,10.960170464303815,0.07473532862560006,57535.25007918654,4464.749920813461
Colombia,2024,COL,4.6946015,52886360,89.13999939,78.52108119,13100.0,9.48044384215367,17.783656037498712,4.5013640104952515,1.6855007489643832e-06,7.4,9.457418552896343,0.02302528925732794,12801.792022717698,298.2079772823017
Australia,2024,AUS,22.83231,26713206,281.6400146,87.602147,112000.0,11.626263078808801,17.10066864526912,5.6441740547067045,1.0543100464990985e-05,13.0,11.603974256785477,0.022288822023323718,109531.24467251604,2468.7553274839593
Hungary,2024,HUN,4.90974,9676135,38.0,70.49182594,14300.0,9.568084743872936,16.08517320600807,3.6635616461296463,3.92718786995014e-06,12.0,9.555481377732235,0.012603366140700345,14120.890324115118,179.10967588488165
Latvia,2024,LVA,7.404507,1871874,6.329999924,68.48394926,2100.0,7.650168700845001,14.442451160285952,1.9919755055302109,3.3816378260502576e-06,12.0,7.720356658591072,-0.07018795774607156,2252.7632612697676,-152.76326126976755
Poland,2024,POL,8.623619,38539209,172.1199951,59.97054687,32000.0,10.373522431293592,17.467186722556697,5.15398496735405,4.466100876642279e-06,5.7,10.485421930901225,-0.11189949960763279,35788.93297044466,-3788.9329704446573
Brazil,2024,BRA,13.228536,211998565,745.7199707,87.89585495,125000.0,11.736077016252437,19.172090068462467,6.615690242963236,3.5175708415762153e-06,6.4,11.885777541495031,-0.14970052524259359,145185.95583569503,-20185.95583569503
France,2024,FRA,5.077144,66548532,561.7800293,78.7999751,450000.0,13.017005083966255,18.013442058986172,6.332888840069065,8.441659228486062e-06,24.0,13.170727265427104,-0.15372218146084826,524775.2527154583,-74775.25271545828
Estonia,2024,EST,8.905476,1360548,6.260000229,70.69811615,2600.0,7.8636512654486515,14.123398852727396,1.982379860379404,4.601087377292091e-06,10.0,8.043315892746591,-0.17966462729793964,3111.9181986101926,-511.9181986101926
Turkiye,2024,TUR,7.7738886,87473800,341.230011,89.34431229,105700.0,11.568369632551514,18.286849889350723,5.835483057787994,3.900939607059485e-06,11.0,11.78532897340483,-0.21695934085331636,131310.6748108749,-25610.674810874887
Spain,2024,ESP,5.7417855,47910533,280.9400024,80.31519982,128000.0,11.759793355371237,17.68484595469575,5.641694290855229,5.863846315381213e-06,11.0,12.055574942923386,-0.295781587552149,172054.94128118013,-44054.94128118013
Croatia,2024,HRV,5.7945905,3875325,15.28999996,57.51589817,3200.0,8.071218539969863,15.170140346263194,2.7905514201584594,3.945475530439382e-06,4.9,8.388003439432282,-0.3167848994624194,4393.035971574311,-1193.0359715743107
USA,2024,USA,17.527048,345426566,4391.02002,80.1247798,1520000.0,14.23422155071698,19.660290637337333,8.387544541466774,1.2711877001376901e-05,10.0,14.603538880353312,-0.369317329636333,2199055.318906478,-679055.3189064781
Israel,2024,ISR,6.8340044,9387015,80.40000153,91.53618884,76400.0,11.243751064074187,16.054838015802602,4.399375291804564,8.565023229429163e-06,21.0,11.614467440285352,-0.37071637621116516,110686.63789016395,-34286.637890163955
Cyprus,2024,CYP,6.989144,1358287,5.789999962,66.68242592,1860.0,7.528869256642251,14.12173564119893,1.9154509359741394,4.26272206242127e-06,12.0,7.94835140122575,-0.4194821445834993,2829.904076343453,-969.9040763434532
Canada,2024,CAN,20.198366,39742429,636.789978,82.70025658,252000.0,12.437188334739655,17.497929940676997,6.4580090410627236,1.6022925473427907e-05,17.0,12.972450822288806,-0.5352624875491507,430390.6221127346,-178390.6221127346
Switzerland,2024,CHE,4.49567,8921979,78.37000275,85.461537,67000.0,11.112462823634855,16.00402845301798,4.374120497750635,8.783925937283644e-06,28.0,11.653999277563116,-0.541536453928261,115149.96407602569,-48149.96407602569
Finland,2024,FIN,15.657763,5617311,82.55000305,74.26371905,37000.0,10.518700218288165,15.541363815636911,4.425445291546489,1.4695644063502982e-05,50.0,11.149088610487183,-0.6303883921990181,69499.4572374379,-32499.457237437906
Slovenia,2024,SVN,8.547228,2118692,16.70999908,55.75777084,4300.0,8.366602832783736,14.566309947094148,2.874129399846689,7.886941131603839e-06,8.1,9.072611055216157,-0.7060082224324216,8712.345154773437,-4412.345154773437
Greece,2024,GRC,5.651658,10047813,57.08000183,78.99678565,17000.0,9.741027444837728,16.122865656372287,4.061821402024805,5.6808383904039615e-06,12.0,10.548682685922131,-0.8076552410844027,38126.179745283065,-21126.179745283065
Malaysia,2024,MYS,10.931114,35557670,198.1199951,76.91702966,27300.0,10.214678610538817,17.386666471526958,5.2939076334510595,5.571793514591929e-06,3.6,11.157065901841861,-0.942387291303044,70056.09993265667,-42756.09993265667
New Zealand,2024,NZL,15.712585,5213942,44.00999832,83.93706588,9700.0,9.179984251961283,15.46684694130996,3.8068846499798017,8.4408300514275e-06,11.0,10.13500234947935,-0.9550180975180673,25209.15956209203,-15509.15956209203
Czech Republic,2024,CZE,7.865944,10735857,72.80999756,72.79479846,15800.0,9.6678285081515,16.18909991157856,4.301494190724109,6.781945545660677e-06,6.8,10.645948885676148,-0.9781203775246485,42021.013280095154,-26221.013280095154
Slovakia,2024,SVK,3.5832222,5506759,29.52000046,53.1919703,4400.0,8.38958706681109,15.521486986397903,3.41838222148834,5.360685016358987e-06,4.8,9.386593141338835,-0.9970060745277447,11926.395085558024,-7526.395085558024
Mexico,2024,MEX,4.857969,130861001,355.1799927,79.7538806,27100.0,10.207325906555994,18.68964626441461,5.875436200552604,2.7141775623434214e-06,2.2,11.342172610794137,-1.134846704238143,84301.98990461408,-57201.98990461408
Sweden,2024,SWE,5.3694525,10606993,172.1499939,88.85597483,157000.0,11.964007453736912,16.177024152823265,5.15415823561886,1.6229858349109874e-05,58.0,13.168112795207776,-1.2041053414708642,523405.0328109966,-366405.0328109966
Korea,2024,KOR,12.192497,51717587,625.3800049,81.16825285,127900.0,11.759011806144656,17.761308475049592,6.439957223509392,1.2092211589454086e-05,9.2,13.209855355619084,-1.4508435494744276,545715.7545813076,-417815.75458130764
Norway,2024,NOR,10.075698,5576656,157.1100006,83.32937379,113500.0,11.63956692643747,15.534100050880363,5.06329099711688,2.8172797569009098e-05,92.0,13.259100335126618,-1.6195334086891489,573262.2619519104,-459762.26195191045
Japan,2024,JPN,8.13846,123753041,1016.390015,92.1901718,103000.0,11.542493975902508,18.633798540929128,6.9249958181081475,8.213050821110731e-06,2.8,13.78517286506758,-2.242678889165072,970116.8763120743,-867116.8763120743
Russia,2024,RUS,18.845648,144820421,1209.310059,75.11191362,32600.0,10.392098241730961,18.791005063882864,7.0986318528725425,8.350411155067694e-06,2.9,12.637849703225925,-2.2457514614949634,307997.3495156479,-275397.3495156479
Chile,2024,CHL,5.2821336,19764774,88.62000275,88.99509085,5600.0,8.630700432209832,16.799411870888957,4.495578540043112,4.483734686265575e-06,2.1,10.933334374108313,-2.302633941898481,56011.73609396444,-50411.73609396444
Bulgaria,2024,BGR,5.9598427,6757686,38.29999924,73.94993569,2170.0,7.682943169878292,15.726191229705826,3.671224499536793,5.667620431017363e-06,5.0,10.037353801923814,-2.3544106320455223,22863.79800763309,-20693.79800763309
South Africa,2024,ZAF,8.479182,64007187,247.5200043,63.69179849,1940.0,7.57095858316901,17.97450594751737,5.515523342497923,3.867065807781867e-06,0.61,10.742726882036436,-3.171768298867426,46291.113094663655,-44351.113094663655
Iceland,2024,ISL,12.853874,393404,19.04999924,94.18190399,4300.0,8.366602832783736,12.882594894566546,2.9982291158473404,4.842350164207786e-05,42.0,12.16613710106651,-3.799534268282775,192169.27386935623,-187869.27386935623
