country,year,population,electricity_generation
Australia,2000,19132472.0,216.8300018
Australia,2001,19365438.0,224.2599945
Australia,2002,19595356.0,223.4900055
Australia,2003,19819449.0,225.9499969
Australia,2004,20046679.0,229.2299957
Australia,2005,20294490.0,230.7400055
Australia,2006,20590566.0,237.9900055
Australia,2007,20954545.0,243.1900024
Australia,2008,21370595.0,245.3800049
Australia,2009,21783014.0,249.8999939
Australia,2010,22141583.0,250.9700012
Australia,2011,22479779.0,256.2799988
Australia,2012,22852648.0,250.6600037
Australia,2013,23236271.0,249.5599976
Australia,2014,23595599.0,247.6499939
Australia,2015,23947997.0,253.9900055
Australia,2016,24329963.0,258.230011
Australia,2017,24731044.0,258.9700012
Australia,2018,25119700.0,262.6300049
Australia,2019,25482714.0,265.8999939
Australia,2020,25743787.0,265.1499939
Australia,2021,25956417.0,267.4500122
Australia,2022,26200987.0,272.9200134
Australia,2023,26451126.0,273.1099854
Australia,2024,26713206.0,281.6400146
Australia,2025,26974024.0,286.3399963
Austria,2000,8012929.0,59.63999939
Austria,2001,8042233.0,60.97999954
Austria,2002,8081640.0,60.63000107
Austria,2003,8122604.0,57.97000122
Austria,2004,8173496.0,61.84999847
Austria,2005,8229204.0,64.37000275
Austria,2006,8269901.0,62.20999908
Austria,2007,8296948.0,62.83000183
Austria,2008,8323250.0,64.37999725
Austria,2009,8345073.0,66.20999908
Austria,2010,8365087.0,67.81999969
Austria,2011,8393272.0,62.20000076
Austria,2012,8431599.0,68.65000153
Austria,2013,8481411.0,64.55000305
Austria,2014,8547812.0,61.54999924
Austria,2015,8644037.0,61.77999878
Austria,2016,8737920.0,64.87000275
Austria,2017,8798779.0,67.08999634
Austria,2018,8841653.0,64.66999817
Austria,2019,8880876.0,70.69000244
Austria,2020,8921402.0,69.02999878
Austria,2021,8967053.0,66.66999817
Austria,2022,9064678.0,64.47000122
Austria,2023,9130434.0,70.98000336
Austria,2024,9120815.0,78.47000122
Austria,2025,9113578.0,73.22000122
Belgium,2000,10251719.0,82.79000092
Belgium,2001,10287005.0,78.62999725
Belgium,2002,10332975.0,80.94000244
Belgium,2003,10376262.0,83.56999969
Belgium,2004,10421298.0,82.91000366
Belgium,2005,10478883.0,84.37999725
Belgium,2006,10548445.0,83.33999634
Belgium,2007,10625488.0,86.80999756
Belgium,2008,10709711.0,83.05999756
Belgium,2009,10812936.0,89.76000214
Belgium,2010,10936619.0,93.04000092
Belgium,2011,11038624.0,89.27999878
Belgium,2012,11107522.0,81.51000214
Belgium,2013,11160277.0,81.94999695
Belgium,2014,11210113.0,71.19999695
Belgium,2015,11275332.0,68.43000031
Belgium,2016,11332707.0,84.30999756
Belgium,2017,11376583.0,85.33999634
Belgium,2018,11428608.0,73.87000275
Belgium,2019,11490623.0,92.69000244
Belgium,2020,11540102.0,88.29000092
Belgium,2021,11570843.0,99.40000153
Belgium,2022,11641814.0,94.33000183
Belgium,2023,11712891.0,82.12999725
Belgium,2024,11738761.0,76.01000214
Belgium,2025,11758601.0,72.88999939
Brazil,2000,174018278.0,348.9299927
Brazil,2001,176301201.0,328.5499878
Brazil,2002,178503485.0,345.7200012
Brazil,2003,180622688.0,364.3900146
Brazil,2004,182675144.0,387.4899902
Brazil,2005,184688101.0,403.0700073
Brazil,2006,186653099.0,419.4500122
Brazil,2007,188552311.0,445.1499939
Brazil,2008,190367297.0,463.1799927
Brazil,2009,192079958.0,466.1700134
Brazil,2010,193701931.0,515.7999878
Brazil,2011,195284736.0,531.7600098
Brazil,2012,196876113.0,552.5
Brazil,2013,198478290.0,570.8300171
Brazil,2014,200085126.0,590.5499878
Brazil,2015,201675534.0,581.2199707
Brazil,2016,203218108.0,578.8900146
Brazil,2017,204703440.0,589.3200073
Brazil,2018,206107265.0,601.3900146
Brazil,2019,207455459.0,633.3300171
Brazil,2020,208660845.0,628.7600098
Brazil,2021,209550291.0,656.4000244
Brazil,2022,210306411.0,677.1599731
Brazil,2023,211140731.0,708.1199951
Brazil,2024,211998565.0,745.7199707
Brazil,2025,212812397.0,750.5300293
Bulgaria,2000,8000519.0,40.59000015
Bulgaria,2001,7928455.0,43.43999863
Bulgaria,2002,7861949.0,42.08000183
Bulgaria,2003,7804405.0,42.27999878
Bulgaria,2004,7749430.0,41.36000061
Bulgaria,2005,7695047.0,43.88999939
Bulgaria,2006,7640292.0,45.43999863
Bulgaria,2007,7586896.0,42.81999969
Bulgaria,2008,7535589.0,44.49000168
Bulgaria,2009,7488016.0,42.31000137
Bulgaria,2010,7437594.0,45.93000031
Bulgaria,2011,7380023.0,49.95999908
Bulgaria,2012,7317020.0,46.45999908
Bulgaria,2013,7264605.0,43.02000046
Bulgaria,2014,7223450.0,46.91999817
Bulgaria,2015,7177515.0,48.70999908
Bulgaria,2016,7127436.0,44.52999878
Bulgaria,2017,7075642.0,44.84000015
Bulgaria,2018,7024745.0,46.50999832
Bulgaria,2019,6975466.0,43.72000122
Bulgaria,2020,6933656.0,40.13999939
Bulgaria,2021,6877222.0,47.22000122
Bulgaria,2022,6825862.0,50.27999878
Bulgaria,2023,6795805.0,40.08000183
Bulgaria,2024,6757686.0,38.29999924
Bulgaria,2025,6714556.0,37.95999908
Canada,2000,30891800.0,603.8200073
Canada,2001,31213578.0,587.7600098
Canada,2002,31535579.0,599.789978
Canada,2003,31836483.0,588.2700195
Canada,2004,32132680.0,598.5
Canada,2005,32440172.0,620.5
Canada,2006,32759174.0,608.4299927
Canada,2007,33092171.0,634.1900024
Canada,2008,33449088.0,635.1099854
Canada,2009,33826370.0,613.8699951
Canada,2010,34196900.0,607.0300293
Canada,2011,34555449.0,638.2700195
Canada,2012,34922513.0,636.539978
Canada,2013,35293421.0,655.6900024
Canada,2014,35634265.0,652.9699707
Canada,2015,35962236.0,661.0800171
Canada,2016,36353345.0,667.1300049
Canada,2017,36808498.0,669.3499756
Canada,2018,37294996.0,661.2000122
Canada,2019,37782934.0,655.7000122
Canada,2020,38171903.0,655.8900146
Canada,2021,38454058.0,652.4000244
Canada,2022,38821259.0,664.0800171
Canada,2023,39299098.0,641.3900146
Canada,2024,39742429.0,636.789978
Canada,2025,40126728.0,652.4400024
Chile,2000,15503638.0,41.11999893
Chile,2001,15683852.0,42.31999969
Chile,2002,15857926.0,43.43999863
Chile,2003,16024755.0,46.63000107
Chile,2004,16187324.0,51.0
Chile,2005,16348780.0,52.22000122
Chile,2006,16509195.0,55.04000092
Chile,2007,16671571.0,58.27999878
Chile,2008,16838987.0,59.45999908
Chile,2009,17009730.0,60.36999893
Chile,2010,17181463.0,60.25
Chile,2011,17351810.0,65.65000153
Chile,2012,17519116.0,69.56999969
Chile,2013,17687006.0,72.83999634
Chile,2014,17864192.0,70.16999817
Chile,2015,18047630.0,74.91000366
Chile,2016,18267225.0,78.83000183
Chile,2017,18558868.0,78.93000031
Chile,2018,18893185.0,81.76000214
Chile,2019,19197748.0,83.98000336
Chile,2020,19370621.0,83.58000183
Chile,2021,19456323.0,88.09999847
Chile,2022,19553033.0,91.04000092
Chile,2023,19658833.0,89.23000336
Chile,2024,19764774.0,88.62000275
Chile,2025,19859919.0,88.5
China,2000,1269581174.0,1355.599976
China,2001,1278725061.0,1480.790039
China,2002,1286866835.0,1654.01001
China,2003,1294517323.0,1910.579956
China,2004,1302100316.0,2203.310059
China,2005,1310027135.0,2500.26001
China,2006,1318054030.0,2865.719971
China,2007,1325813576.0,3281.540039
China,2008,1333821011.0,3495.76001
China,2009,1342522717.0,3714.639893
China,2010,1351561505.0,4207.160156
China,2011,1360250658.0,4713.02002
China,2012,1369520866.0,4987.540039
China,2013,1379008040.0,5431.629883
China,2014,1387951970.0,5794.450195
China,2015,1396134171.0,5814.580078
China,2016,1404052628.0,6133.160156
China,2017,1412354730.0,6604.439941
China,2018,1419008954.0,7166.140137
China,2019,1423520357.0,7503.430176
China,2020,1426106093.0,7779.069824
China,2021,1426437269.0,8534.259766
China,2022,1425179562.0,8848.709961
China,2023,1422584930.0,9456.450195
China,2024,1419321284.0,10086.87988
China,2025,1416096093.0,10583.36035
Colombia,2000,39089939.0,42.81000137
Colombia,2001,39709263.0,43.13999939
Colombia,2002,40324684.0,44.70999908
Colombia,2003,40937426.0,46.20000076
Colombia,2004,41543177.0,49.33000183
Colombia,2005,42128978.0,49.93999863
Colombia,2006,42691081.0,53.34000015
Colombia,2007,43235374.0,54.79000092
Colombia,2008,43758805.0,55.47999954
Colombia,2009,44271543.0,56.75
Colombia,2010,44777325.0,60.22999954
Colombia,2011,45259614.0,61.70000076
Colombia,2012,45715807.0,63.06000137
Colombia,2013,46151583.0,73.51000214
Colombia,2014,46565426.0,70.45999908
Colombia,2015,46969938.0,77.97000122
Colombia,2016,47437513.0,76.16999817
Colombia,2017,48131076.0,78.47000122
Colombia,2018,49024463.0,78.20999908
Colombia,2019,49907987.0,78.77999878
Colombia,2020,50629997.0,77.75
Colombia,2021,51188174.0,84.36000061
Colombia,2022,51737944.0,82.86000061
Colombia,2023,52321152.0,86.58000183
Colombia,2024,52886360.0,89.13999939
Colombia,2025,53425629.0,90.36000061
Costa Rica,2000,3937737.0,6.860000134
Costa Rica,2001,4008951.0,6.900000095
Costa Rica,2002,4075710.0,7.420000076
Costa Rica,2003,4138791.0,7.300000191
Costa Rica,2004,4200079.0,7.980000019
Costa Rica,2005,4261240.0,8.18999958
Costa Rica,2006,4321337.0,8.619999886
Costa Rica,2007,4380250.0,8.979999542
Costa Rica,2008,4440058.0,9.399999619
Costa Rica,2009,4499788.0,9.239999771
Costa Rica,2010,4555965.0,9.510000229
Costa Rica,2011,4609834.0,9.75
Costa Rica,2012,4663930.0,10.10999966
Costa Rica,2013,4716153.0,10.18999958
Costa Rica,2014,4767126.0,10.17000008
Costa Rica,2015,4818045.0,10.77000046
Costa Rica,2016,4867003.0,10.85999966
Costa Rica,2017,4913177.0,11.27999973
Costa Rica,2018,4957813.0,11.43999958
Costa Rica,2019,4999549.0,11.42000008
Costa Rica,2020,5034323.0,11.72000027
Costa Rica,2021,5059991.0,12.72999954
Costa Rica,2022,5081764.0,12.43999958
Costa Rica,2023,5105526.0,11.72000027
Costa Rica,2024,5129909.0,11.0
Costa Rica,2025,5152949.0,12.81000042
Croatia,2000,4326105.0,11.21000004
Croatia,2001,4301079.0,12.75
Croatia,2002,4305783.0,12.68999958
Croatia,2003,4306683.0,13.15999985
Croatia,2004,4310050.0,13.86999989
Croatia,2005,4313946.0,13.05000019
Croatia,2006,4315802.0,12.90999985
Croatia,2007,4315959.0,12.53999996
Croatia,2008,4314635.0,12.77999973
Croatia,2009,4310537.0,13.35000038
Croatia,2010,4301150.0,14.78999996
Croatia,2011,4280827.0,11.22999954
Croatia,2012,4259233.0,10.56999969
Croatia,2013,4242403.0,13.93999958
Croatia,2014,4219485.0,13.43000031
Croatia,2015,4183732.0,11.23999977
Croatia,2016,4136438.0,12.60000038
Croatia,2017,4079198.0,11.77000046
Croatia,2018,4024868.0,13.52000046
Croatia,2019,3986338.0,12.64999962
Croatia,2020,3953956.0,13.22999954
Croatia,2021,3924607.0,15.10999966
Croatia,2022,3907031.0,14.10000038
Croatia,2023,3896023.0,17.44000053
Croatia,2024,3875325.0,15.28999996
Croatia,2025,3848164.0,14.69999981
Cyprus,2000,947667.0,3.369999886
Cyprus,2001,964129.0,3.549999952
Cyprus,2002,981443.0,3.789999962
Cyprus,2003,999600.0,4.050000191
Cyprus,2004,1017875.0,4.199999809
Cyprus,2005,1036156.0,4.380000114
Cyprus,2006,1054424.0,4.650000095
Cyprus,2007,1072727.0,4.869999886
Cyprus,2008,1091029.0,5.070000172
Cyprus,2009,1109377.0,5.210000038
Cyprus,2010,1127826.0,5.329999924
Cyprus,2011,1146493.0,4.920000076
Cyprus,2012,1165403.0,4.71999979
Cyprus,2013,1183899.0,4.289999962
Cyprus,2014,1201806.0,4.340000153
Cyprus,2015,1219504.0,4.539999962
Cyprus,2016,1237114.0,4.889999866
Cyprus,2017,1254274.0,5.0
Cyprus,2018,1270743.0,5.059999943
Cyprus,2019,1286669.0,5.150000095
Cyprus,2020,1302250.0,4.849999905
Cyprus,2021,1317311.0,5.119999886
Cyprus,2022,1331376.0,5.260000229
Cyprus,2023,1344981.0,5.329999924
Cyprus,2024,1358287.0,5.789999962
Cyprus,2025,1370754.0,5.909999847
Czech Republic,2000,10236809.0,72.90000153
Czech Republic,2001,10231942.0,74.22000122
Czech Republic,2002,10239474.0,76.0
Czech Republic,2003,10248907.0,82.79000092
Czech Republic,2004,10261453.0,83.79000092
Czech Republic,2005,10280155.0,81.93000031
Czech Republic,2006,10304592.0,83.66000366
Czech Republic,2007,10337539.0,87.76999664
Czech Republic,2008,10378298.0,83.27999878
Czech Republic,2009,10420985.0,81.63999939
Czech Republic,2010,10464035.0,85.22000122
Czech Republic,2011,10495508.0,86.63999939
Czech Republic,2012,10507339.0,86.58000183
Czech Republic,2013,10511164.0,85.91000366
Czech Republic,2014,10517223.0,84.98000336
Czech Republic,2015,10524418.0,82.48999786
Czech Republic,2016,10531946.0,82.0
Czech Republic,2017,10541343.0,85.76000214
Czech Republic,2018,10548934.0,86.83999634
Czech Republic,2019,10554872.0,85.72000122
Czech Republic,2020,10550129.0,80.09999847
Czech Republic,2021,10530683.0,83.66000366
Czech Republic,2022,10673216.0,83.73000336
Czech Republic,2023,10809722.0,75.80000305
Czech Republic,2024,10735857.0,72.80999756
Czech Republic,2025,10609241.0,75.5
Denmark,2000,5339659.0,35.84999847
Denmark,2001,5358825.0,37.54000092
Denmark,2002,5375967.0,39.09999847
Denmark,2003,5390621.0,45.97000122
Denmark,2004,5404594.0,40.24000168
Denmark,2005,5419550.0,36.08000183
Denmark,2006,5437425.0,45.43999863
Denmark,2007,5461604.0,39.13999939
Denmark,2008,5493762.0,36.47999954
Denmark,2009,5523169.0,36.25
Denmark,2010,5547865.0,38.75
Denmark,2011,5570848.0,35.11000061
Denmark,2012,5591911.0,30.56999969
Denmark,2013,5615333.0,34.61000061
Denmark,2014,5643795.0,32.04000092
Denmark,2015,5683698.0,28.78000069
Denmark,2016,5728196.0,30.39999962
Denmark,2017,5765164.0,30.89999962
Denmark,2018,5793824.0,30.20999908
Denmark,2019,5814618.0,29.37000084
Denmark,2020,5831529.0,28.57999992
Denmark,2021,5856774.0,32.91999817
Denmark,2022,5902901.0,35.15999985
Denmark,2023,5948134.0,33.88999939
Denmark,2024,5977417.0,35.06000137
Denmark,2025,6002515.0,33.29999924
Estonia,2000,1397001.0,8.510000229
Estonia,2001,1388174.0,8.489999771
Estonia,2002,1379438.0,8.529999733
Estonia,2003,1370849.0,10.15999985
Estonia,2004,1362682.0,10.31000042
Estonia,2005,1354847.0,10.19999981
Estonia,2006,1346885.0,9.729999542
Estonia,2007,1340709.0,12.18000031
Estonia,2008,1337078.0,10.57999992
Estonia,2009,1334528.0,8.779999733
Estonia,2010,1331450.0,12.97000027
Estonia,2011,1327366.0,12.89000034
Estonia,2012,1322615.0,11.96000004
Estonia,2013,1317920.0,13.27999973
Estonia,2014,1314457.0,12.44999981
Estonia,2015,1314580.0,10.14999962
Estonia,2016,1315850.0,12.17000008
Estonia,2017,1317430.0,13.15999985
Estonia,2018,1321972.0,12.36999989
Estonia,2019,1326822.0,7.610000134
Estonia,2020,1329675.0,6.079999924
Estonia,2021,1331750.0,7.190000057
Estonia,2022,1350093.0,8.93999958
Estonia,2023,1367195.0,5.739999771
Estonia,2024,1360548.0,6.260000229
Estonia,2025,1344236.0,6.110000134
Finland,2000,5176197.0,69.97000122
Finland,2001,5187970.0,74.44999695
Finland,2002,5200548.0,74.91999817
Finland,2003,5212958.0,84.27999878
Finland,2004,5228147.0,85.83999634
Finland,2005,5246078.0,70.55999756
Finland,2006,5266248.0,82.29000092
Finland,2007,5288715.0,81.16999817
Finland,2008,5313379.0,77.34999847
Finland,2009,5338854.0,72.05999756
Finland,2010,5363347.0,80.63999939
Finland,2011,5388236.0,73.5
Finland,2012,5413978.0,70.41000366
Finland,2013,5439057.0,71.26000214
Finland,2014,5461686.0,68.09999847
Finland,2015,5479719.0,68.61000061
Finland,2016,5495468.0,68.75
Finland,2017,5508398.0,67.51999664
Finland,2018,5515730.0,70.23000336
Finland,2019,5521754.0,68.61000061
Finland,2020,5529616.0,69.23999786
Finland,2021,5541069.0,72.11000061
Finland,2022,5569300.0,72.16999817
Finland,2023,5601185.0,81.51999664
Finland,2024,5617311.0,82.55000305
Finland,2025,5623328.0,82.30000305
France,2000,59483716.0,532.5599976
France,2001,59905131.0,542.5999756
France,2002,60327247.0,551.2399902
France,2003,60741119.0,559.1300049
France,2004,61175244.0,566.2999878
France,2005,61625031.0,569.1400146
France,2006,62049831.0,567.2999878
France,2007,62432438.0,561.8400269
France,2008,62780187.0,566.9799805
France,2009,63106460.0,528.8699951
France,2010,63417366.0,562.3599854
France,2011,63733776.0,567.6500244
France,2012,64058465.0,567.5800171
France,2013,64387736.0,576.75
France,2014,64692495.0,566.3099976
France,2015,64916337.0,574.1400146
France,2016,65086853.0,558.8400269
France,2017,65284775.0,555.7399902
France,2018,65519537.0,576.2399902
France,2019,65729460.0,565.5200195
France,2020,65905273.0,527.25
France,2021,66083547.0,550.3099976
France,2022,66277412.0,468.4500122
France,2023,66438828.0,518.75
France,2024,66548532.0,561.7800293
France,2025,66650804.0,569.9799805
Germany,2000,81797255.0,568.9500122
Germany,2001,81933882.0,578.9400024
Germany,2002,82068328.0,583.7600098
Germany,2003,82111619.0,602.0300293
Germany,2004,82092706.0,609.5999756
Germany,2005,82046733.0,613.3400269
Germany,2006,81701971.0,630.2000122
Germany,2007,81298546.0,631.0999756
Germany,2008,81110780.0,632.289978
Germany,2009,80935276.0,587.960022
Germany,2010,80830916.0,624.210022
Germany,2011,80857877.0,605.0
Germany,2012,80916391.0,619.8099976
Germany,2013,81041581.0,629.6900024
Germany,2014,81376078.0,618.75
Germany,2015,82077546.0,639.1699829
Germany,2016,82760102.0,641.5200195
Germany,2017,83104010.0,644.460022
Germany,2018,83368507.0,632.2800293
Germany,2019,83559184.0,600.0900269
Germany,2020,83628711.0,566.75
Germany,2021,83697080.0,578.8300171
Germany,2022,84086227.0,566.8800049
Germany,2023,84548233.0,506.7200012
Germany,2024,84552234.0,495.9899902
Germany,2025,84075075.0,500.4700012
Greece,2000,10782638.0,52.93999863
Greece,2001,10843166.0,52.54000092
Greece,2002,10890287.0,53.36000061
Greece,2003,10918467.0,57.27999878
Greece,2004,10947369.0,58.22000122
Greece,2005,10981340.0,58.72999954
Greece,2006,11016107.0,59.40999985
Greece,2007,11045737.0,62.40000153
Greece,2008,11076874.0,62.18000031
Greece,2009,11108067.0,60.34000015
Greece,2010,11124666.0,56.61000061
Greece,2011,11108838.0,58.45000076
Greece,2012,11048291.0,59.90999985
Greece,2013,10967534.0,56.36999893
Greece,2014,10893169.0,49.61999893
Greece,2015,10820902.0,51.04999924
Greece,2016,10775506.0,53.84000015
Greece,2017,10753532.0,54.79999924
Greece,2018,10730846.0,52.61000061
Greece,2019,10718581.0,47.95000076
Greece,2020,10699370.0,47.50999832
Greece,2021,10579561.0,54.24000168
Greece,2022,10412481.0,51.66999817
Greece,2023,10242910.0,48.93000031
Greece,2024,10047813.0,57.08000183
Greece,2025,9938847.0,58.27000046
Hungary,2000,10190598.0,35.18999863
Hungary,2001,10166693.0,36.41999817
Hungary,2002,10138461.0,36.15000153
Hungary,2003,10108970.0,34.13000107
Hungary,2004,10085788.0,33.70999908
Hungary,2005,10065703.0,35.75
Hungary,2006,10049946.0,35.84999847
Hungary,2007,10034084.0,39.95999908
Hungary,2008,10016653.0,40.02000046
Hungary,2009,10001381.0,35.90999985
Hungary,2010,9979128.0,37.36000061
Hungary,2011,9946675.0,36.02000046
Hungary,2012,9916621.0,34.61999893
Hungary,2013,9889344.0,30.27000046
Hungary,2014,9862843.0,29.38999939
Hungary,2015,9839211.0,30.32999992
Hungary,2016,9810529.0,31.87999916
Hungary,2017,9785608.0,32.91999817
Hungary,2018,9774395.0,32.04999924
Hungary,2019,9770346.0,34.27999878
Hungary,2020,9749459.0,34.91999817
Hungary,2021,9707848.0,36.09999847
Hungary,2022,9684308.0,35.77999878
Hungary,2023,9686465.0,35.54000092
Hungary,2024,9676135.0,38.0
Hungary,2025,9632286.0,40.24000168
Iceland,2000,281293.0,7.610000134
Iceland,2001,285058.0,7.960000038
Iceland,2002,287609.0,8.350000381
Iceland,2003,289616.0,8.43999958
Iceland,2004,292172.0,8.539999962
Iceland,2005,296852.0,8.609999657
Iceland,2006,303883.0,9.850000381
Iceland,2007,311662.0,11.89000034
Iceland,2008,317519.0,16.34000015
Iceland,2009,318619.0,16.70999908
Iceland,2010,318163.0,16.73999977
Iceland,2011,319139.0,16.85000038
Iceland,2012,320851.0,17.29000092
Iceland,2013,323891.0,17.98999977
Iceland,2014,327517.0,17.79999924
Iceland,2015,330962.0,18.54999924
Iceland,2016,335571.0,18.17000008
Iceland,2017,343537.0,19.06999969
Iceland,2018,352860.0,19.69000053
Iceland,2019,360709.0,19.36000061
Iceland,2020,366626.0,18.88999939
Iceland,2021,372647.0,19.38999939
Iceland,2022,380368.0,19.87000084
Iceland,2023,387559.0,19.80999947
Iceland,2024,393404.0,19.04999924
India,2000,1057922731.0,571.3900146
India,2001,1077898579.0,586.0900269
India,2002,1097600380.0,609.6400146
India,2003,1116803000.0,638.1300049
India,2004,1135991509.0,698.3200073
India,2005,1154676321.0,704.5200195
India,2006,1172878888.0,744.4299927
India,2007,1190676028.0,796.2600098
India,2008,1207930960.0,828.4099731
India,2009,1225524764.0,878.6300049
India,2010,1243481565.0,936.3900146
India,2011,1261224956.0,1032.319946
India,2012,1278674501.0,1088.420044
India,2013,1295829507.0,1141.22998
India,2014,1312277184.0,1258.680054
India,2015,1328024494.0,1310.560059
India,2016,1343944296.0,1394.930054
India,2017,1359657398.0,1462.390015
India,2018,1374659067.0,1571.650024
India,2019,1389030307.0,1600.97998
India,2020,1402617694.0,1563.430054
India,2021,1414203896.0,1678.719971
India,2022,1425423209.0,1804.609985
India,2023,1438069597.0,1918.26001
India,2024,1450935785.0,2036.52002
India,2025,1463865527.0,2081.600098
Indonesia,2000,216077789.0,98.04000092
Indonesia,2001,219097905.0,106.1600037
Indonesia,2002,222088499.0,113.0400009
Indonesia,2003,225048005.0,117.3899994
Indonesia,2004,227926649.0,124.7799988
Indonesia,2005,230871648.0,132.8899994
Indonesia,2006,233951650.0,138.0
Indonesia,2007,237062338.0,148.3999939
Indonesia,2008,240157902.0,155.8999939
Indonesia,2009,243220024.0,162.8699951
Indonesia,2010,246305327.0,177.5599976
Indonesia,2011,249470029.0,191.8800049
Indonesia,2012,252698525.0,208.9600067
Indonesia,2013,255852464.0,225.1799927
Indonesia,2014,258877395.0,237.5399933
Indonesia,2015,261799249.0,243.2799988
Indonesia,2016,264627429.0,257.5499878
Indonesia,2017,267346654.0,265.8299866
Indonesia,2018,269951847.0,283.7900085
Indonesia,2019,272489381.0,295.4400024
Indonesia,2020,274814861.0,291.8200073
Indonesia,2021,276758056.0,309.3599854
Indonesia,2022,278830527.0,333.5400085
Indonesia,2023,281190068.0,350.6000061
Indonesia,2024,283487933.0,371.5400085
Ireland,2000,3802589.0,23.62999916
Ireland,2001,3862981.0,24.59000015
Ireland,2002,3928441.0,24.79999924
Ireland,2003,3992935.0,24.82999992
Ireland,2004,4066066.0,25.20000076
Ireland,2005,4155283.0,25.60000038
Ireland,2006,4268775.0,27.10000038
Ireland,2007,4393518.0,28.36000061
Ireland,2008,4485992.0,29.93000031
Ireland,2009,4533750.0,27.97999954
Ireland,2010,4559084.0,28.15999985
Ireland,2011,4579603.0,27.20000076
Ireland,2012,4600135.0,27.15999985
Ireland,2013,4624686.0,25.62000084
Ireland,2014,4658236.0,25.86000061
Ireland,2015,4702497.0,28.15999985
Ireland,2016,4753506.0,30.29999924
Ireland,2017,4810258.0,30.79000092
Ireland,2018,4872559.0,31.04000092
Ireland,2019,4933493.0,30.87000084
Ireland,2020,4982602.0,32.15999985
Ireland,2021,5028428.0,31.73999977
Ireland,2022,5110015.0,33.79000092
Ireland,2023,5196629.0,31.54999924
Ireland,2024,5255016.0,31.07999992
Ireland,2025,5308035.0,30.95000076
Israel,2000,6111194.0,42.65999985
Israel,2001,6259977.0,43.95000076
Israel,2002,6387714.0,45.5
Israel,2003,6502821.0,47.04000092
Israel,2004,6615084.0,47.27999878
Israel,2005,6728212.0,48.61000061
Israel,2006,6844029.0,50.56000137
Israel,2007,6962456.0,53.79000092
Israel,2008,7082621.0,56.79000092
Israel,2009,7206096.0,54.72999954
Israel,2010,7336735.0,58.54999924
Israel,2011,7471023.0,59.59999847
Israel,2012,7607781.0,63.00999832
Israel,2013,7749369.0,61.31999969
Israel,2014,7897173.0,60.86000061
Israel,2015,8052916.0,64.23000336
Israel,2016,8210006.0,67.01000214
Israel,2017,8361796.0,67.44000244
Israel,2018,8510067.0,69.01999664
Israel,2019,8657466.0,72.70999908
Israel,2020,8800380.0,72.73999786
Israel,2021,8942925.0,74.12000275
Israel,2022,9103143.0,76.87000275
Israel,2023,9256311.0,77.43000031
Israel,2024,9387015.0,80.40000153
Israel,2025,9517182.0,82.09999847
Italy,2000,57272200.0,269.9400024
Italy,2001,57305760.0,271.8999939
Italy,2002,57420636.0,277.5299988
Italy,2003,57739697.0,286.269989
Italy,2004,58176736.0,293.7099915
Italy,2005,58519696.0,294.6300049
Italy,2006,58754434.0,305.6099854
Italy,2007,59108723.0,306.1700134
Italy,2008,59561687.0,311.5700073
Italy,2009,59904016.0,286.3599854
Italy,2010,60164212.0,296.6300049
Italy,2011,60367882.0,298.3699951
Italy,2012,60531522.0,295.25
Italy,2013,60653864.0,286.019989
Italy,2014,60664169.0,276.5299988
Italy,2015,60575314.0,279.7000122
Italy,2016,60478103.0,285.9500122
Italy,2017,60390317.0,292.0899963
Italy,2018,60277496.0,286.0599976
Italy,2019,60130136.0,289.9899902
Italy,2020,59912763.0,276.8099976
Italy,2021,59729353.0,285.4899902
Italy,2022,59619106.0,280.1700134
Italy,2023,59499452.0,261.5499878
Italy,2024,59342870.0,267.5599976
Italy,2025,59146263.0,264.7000122
Japan,2000,127027794.0,1099.670044
Japan,2001,127260144.0,1083.140015
Japan,2002,127484599.0,1103.069946
Japan,2003,127671254.0,1092.589966
Japan,2004,127815769.0,1121.189941
Japan,2005,127913331.0,1153.069946
Japan,2006,127997247.0,1164.349976
Japan,2007,128087683.0,1180.109985
Japan,2008,128155992.0,1183.699951
Japan,2009,128192471.0,1114.02002
Japan,2010,128185273.0,1156.040039
Japan,2011,128096430.0,1104.199951
Japan,2012,127928283.0,1106.880005
Japan,2013,127723642.0,1087.76001
Japan,2014,127486601.0,1062.719971
Japan,2015,127275868.0,1030.119995
Japan,2016,127159950.0,1063.699951
Japan,2017,127064686.0,1076.859985
Japan,2018,126913432.0,1082.930054
Japan,2019,126699421.0,1047.400024
Japan,2020,126304533.0,1011.030029
Japan,2021,125679342.0,1034.670044
Japan,2022,124997585.0,1040.569946
Japan,2023,124370947.0,1006.72998
Japan,2024,123753041.0,1016.390015
Japan,2025,123103480.0,1029.859985
Jordan,2000,5386945.0,7.369999886
Jordan,2001,5498900.0,7.539999962
Jordan,2002,5616077.0,8.119999886
Jordan,2003,5741837.0,8.029999733
Jordan,2004,5882066.0,8.960000038
Jordan,2005,6029597.0,9.649999619
Jordan,2006,6427377.0,11.11999989
Jordan,2007,6827235.0,12.82999992
Jordan,2008,6989874.0,14.14999962
Jordan,2009,7141763.0,14.27999973
Jordan,2010,7297046.0,14.77999973
Jordan,2011,7480431.0,14.64000034
Jordan,2012,7587133.0,16.59000015
Jordan,2013,7991812.0,17.26000023
Jordan,2014,8791715.0,18.27000046
Jordan,2015,9544730.0,19.05999947
Jordan,2016,10006369.0,19.67000008
Jordan,2017,10234227.0,20.78000069
Jordan,2018,10462310.0,20.37000084
Jordan,2019,10671893.0,20.53000069
Jordan,2020,10865232.0,20.70000076
Jordan,2021,11066356.0,21.36000061
Jordan,2022,11256269.0,22.56999969
Jordan,2023,11439220.0,23.77000046
Jordan,2024,11552885.0,23.67000008
Latvia,2000,2368320.0,4.139999866
Latvia,2001,2338299.0,4.269999981
Latvia,2002,2311358.0,3.970000029
Latvia,2003,2288983.0,3.970000029
Latvia,2004,2264179.0,4.690000057
Latvia,2005,2239787.0,4.920000076
Latvia,2006,2219039.0,4.889999866
Latvia,2007,2200774.0,4.760000229
Latvia,2008,2177710.0,5.269999981
Latvia,2009,2142044.0,5.570000172
Latvia,2010,2097834.0,6.630000114
Latvia,2011,2059940.0,6.090000153
Latvia,2012,2034639.0,6.170000076
Latvia,2013,2013004.0,6.199999809
Latvia,2014,1994153.0,5.139999866
Latvia,2015,1977874.0,5.539999962
Latvia,2016,1959863.0,6.420000076
Latvia,2017,1942599.0,7.53000021
Latvia,2018,1927586.0,6.71999979
Latvia,2019,1914267.0,6.440000057
Latvia,2020,1901119.0,5.71999979
Latvia,2021,1885593.0,5.849999905
Latvia,2022,1881059.0,5.03000021
Latvia,2023,1882399.0,6.380000114
Latvia,2024,1871874.0,6.329999924
Latvia,2025,1853560.0,6.269999981
Lithuania,2000,3500410.0,11.13000011
Lithuania,2001,3473008.0,14.35999966
Lithuania,2002,3444051.0,17.29000092
Lithuania,2003,3415276.0,18.81999969
Lithuania,2004,3376703.0,18.75
Lithuania,2005,3322264.0,14.42000008
Lithuania,2006,3269809.0,12.06999969
Lithuania,2007,3231378.0,13.46000004
Lithuania,2008,3198482.0,13.32999992
Lithuania,2009,3163255.0,14.64000034
Lithuania,2010,3097721.0,5.0
Lithuania,2011,3028642.0,4.25
Lithuania,2012,2988334.0,4.5
Lithuania,2013,2958359.0,4.190000057
Lithuania,2014,2933171.0,3.690000057
Lithuania,2015,2905771.0,4.230000019
Lithuania,2016,2869109.0,3.630000114
Lithuania,2017,2829317.0,3.559999943
Lithuania,2018,2802485.0,2.920000076
Lithuania,2019,2795057.0,3.339999914
Lithuania,2020,2795766.0,4.699999809
Lithuania,2021,2794490.0,4.300000191
Lithuania,2022,2816923.0,4.039999962
Lithuania,2023,2854104.0,5.300000191
Lithuania,2024,2859112.0,7.389999866
Lithuania,2025,2830150.0,8.890000343
Luxembourg,2000,436142.0,0.400000006
Luxembourg,2001,441754.0,0.870000005
Luxembourg,2002,446392.0,2.799999952
Luxembourg,2003,451845.0,2.789999962
Luxembourg,2004,458305.0,3.369999886
Luxembourg,2005,465369.0,3.349999905
Luxembourg,2006,472869.0,3.539999962
Luxembourg,2007,480277.0,3.190000057
Luxembourg,2008,488995.0,2.720000029
Luxembourg,2009,498196.0,3.150000095
Luxembourg,2010,507418.0,3.24000001
Luxembourg,2011,518583.0,2.640000105
Luxembourg,2012,530951.0,2.75999999
Luxembourg,2013,543358.0,1.840000033
Luxembourg,2014,556285.0,1.909999967
Luxembourg,2015,569540.0,1.340000033
Luxembourg,2016,583511.0,0.790000021
Luxembourg,2017,596506.0,0.899999976
Luxembourg,2018,608109.0,0.959999979
Luxembourg,2019,620167.0,1.070000052
Luxembourg,2020,630597.0,1.220000029
Luxembourg,2021,640276.0,1.230000019
Luxembourg,2022,653315.0,1.210000038
Luxembourg,2023,665101.0,1.409999967
Luxembourg,2024,673042.0,1.50999999
Luxembourg,2025,680454.0,1.539999962
Malaysia,2000,22967817.0,69.90000153
Malaysia,2001,23526535.0,75.77999878
Malaysia,2002,24102477.0,80.87000275
Malaysia,2003,24679604.0,83.30999756
Malaysia,2004,25256773.0,96.05999756
Malaysia,2005,25836075.0,98.75
Malaysia,2006,26417909.0,103.9899979
Malaysia,2007,26998383.0,108.5500031
Malaysia,2008,27570052.0,113.8300018
Malaysia,2009,28124779.0,116.1100006
Malaysia,2010,28655772.0,125.0400009
Malaysia,2011,29162034.0,127.0699997
Malaysia,2012,29662835.0,134.0800018
Malaysia,2013,30174269.0,140.9700012
Malaysia,2014,30696133.0,147.4700012
Malaysia,2015,31232796.0,150.1100006
Malaysia,2016,31789692.0,156.6499939
Malaysia,2017,32355642.0,160.6399994
Malaysia,2018,32910963.0,170.5800018
Malaysia,2019,33440590.0,178.5
Malaysia,2020,33889554.0,174.0099945
Malaysia,2021,34282404.0,175.2100067
Malaysia,2022,34695494.0,183.6300049
Malaysia,2023,35126295.0,187.8000031
Malaysia,2024,35557670.0,198.1199951
Malaysia,2025,35977834.0,201.0899963
Mexico,2000,98625553.0,203.6199951
Mexico,2001,100099101.0,210.2200012
Mexico,2002,101548627.0,215.7299957
Mexico,2003,102978517.0,224.8999939
Mexico,2004,104394131.0,235.3899994
Mexico,2005,105811504.0,247.9700012
Mexico,2006,107253666.0,256.25
Mexico,2007,108774356.0,263.2600098
Mexico,2008,110374286.0,269.2900085
Mexico,2009,111999720.0,267.7600098
Mexico,2010,113623898.0,275.5700073
Mexico,2011,115243503.0,292.1499939
Mexico,2012,116818208.0,296.3900146
Mexico,2013,118343572.0,297.1199951
Mexico,2014,119784265.0,303.3299866
Mexico,2015,121072310.0,310.3599854
Mexico,2016,122251344.0,320.3500061
Mexico,2017,123400052.0,329.0899963
Mexico,2018,124573713.0,349.2900085
Mexico,2019,125762978.0,344.5700073
Mexico,2020,126799053.0,325.730011
Mexico,2021,127648151.0,328.5899963
Mexico,2022,128613116.0,340.1499939
Mexico,2023,129739761.0,351.7000122
Mexico,2024,130861001.0,355.1799927
Mexico,2025,131946897.0,356.9700012
Netherlands,2000,16058757.0,88.05999756
Netherlands,2001,16182705.0,92.13999939
Netherlands,2002,16288060.0,94.63999939
Netherlands,2003,16366914.0,95.47000122
Netherlands,2004,16425562.0,99.81999969
Netherlands,2005,16465707.0,98.52999878
Netherlands,2006,16493851.0,97.51999664
Netherlands,2007,16531360.0,103.6800003
Netherlands,2008,16597259.0,106.2099991
Netherlands,2009,16684148.0,112.3499985
Netherlands,2010,16771232.0,118.0999985
Netherlands,2011,16851061.0,112.6399994
Netherlands,2012,16915191.0,102.2699966
Netherlands,2013,16967066.0,100.5599976
Netherlands,2014,17030085.0,102.0999985
Netherlands,2015,17107429.0,108.9899979
Netherlands,2016,17204693.0,113.9599991
Netherlands,2017,17315376.0,116.0400009
Netherlands,2018,17421285.0,113.0999985
Netherlands,2019,17537505.0,120.0500031
Netherlands,2020,17636732.0,121.9599991
Netherlands,2021,17730565.0,120.8899994
Netherlands,2022,17904421.0,119.9599991
Netherlands,2023,18092526.0,119.9599991
Netherlands,2024,18228740.0,122.3300018
Netherlands,2025,18346823.0,134.9600067
New Zealand,2000,3857576.0,38.90999985
New Zealand,2001,3891763.0,39.27999878
New Zealand,2002,3951116.0,40.20999908
New Zealand,2003,4022585.0,40.36999893
New Zealand,2004,4083912.0,42.27000046
New Zealand,2005,4135002.0,42.47999954
New Zealand,2006,4181943.0,43.04000092
New Zealand,2007,4223270.0,43.38000107
New Zealand,2008,4261819.0,43.38999939
New Zealand,2009,4304304.0,42.95000076
New Zealand,2010,4347766.0,44.31000137
New Zealand,2011,4382699.0,43.86000061
New Zealand,2012,4411682.0,43.75
New Zealand,2013,4453857.0,42.70000076
New Zealand,2014,4522976.0,42.91999817
New Zealand,2015,4614035.0,43.56999969
New Zealand,2016,4714768.0,43.15000153
New Zealand,2017,4812749.0,43.65999985
New Zealand,2018,4900840.0,43.72999954
New Zealand,2019,4989410.0,43.75
New Zealand,2020,5069895.0,43.34999847
New Zealand,2021,5107694.0,43.54999924
New Zealand,2022,5131731.0,43.25
New Zealand,2023,5172837.0,42.88999939
New Zealand,2024,5213942.0,44.00999832
New Zealand,2025,5251897.0,43.34000015
Norway,2000,4490864.0,142.5200043
Norway,2001,4513650.0,121.3199997
Norway,2002,4538016.0,130.2400055
Norway,2003,4564666.0,106.6699982
Norway,2004,4591739.0,110.0999985
Norway,2005,4623120.0,137.25
Norway,2006,4660487.0,121.2200012
Norway,2007,4709017.0,136.1100006
Norway,2008,4768097.0,141.1900024
Norway,2009,4828625.0,130.9700012
Norway,2010,4889160.0,123.1399994
Norway,2011,4952969.0,125.9300003
Norway,2012,5018453.0,146.1799927
Norway,2013,5080126.0,133.1399994
Norway,2014,5137397.0,140.8800049
Norway,2015,5189777.0,143.0
Norway,2016,5235974.0,148.0299988
Norway,2017,5276807.0,148.2700043
Norway,2018,5311751.0,145.9400024
Norway,2019,5347733.0,133.8300018
Norway,2020,5379275.0,154.3200073
Norway,2021,5408082.0,157.1300049
Norway,2022,5456796.0,145.4199982
Norway,2023,5519167.0,153.6300049
Norway,2024,5576656.0,157.1100006
Norway,2025,5623074.0,160.8099976
Poland,2000,38258077.0,143.1799927
Poland,2001,38247359.0,143.7200012
Poland,2002,38229407.0,142.4900055
Poland,2003,38203527.0,150.0099945
Poland,2004,38167568.0,152.5399933
Poland,2005,38124377.0,155.2899933
Poland,2006,38071169.0,160.6999969
Poland,2007,38020420.0,158.5200043
Poland,2008,37995902.0,154.5
Poland,2009,38002153.0,150.8600006
Poland,2010,38095356.0,156.7700043
Poland,2011,38208644.0,162.8699951
Poland,2012,38247867.0,161.4799957
Poland,2013,38259267.0,163.7799988
Poland,2014,38265113.0,158.3500061
Poland,2015,38266314.0,164.3000031
Poland,2016,38263260.0,166.0
Poland,2017,38254964.0,169.9100037
Poland,2018,38241070.0,169.4299927
Poland,2019,38225884.0,163.2200012
Poland,2020,38171005.0,157.1499939
Poland,2021,38040303.0,178.7899933
Poland,2022,38385734.0,178.6000061
Poland,2023,38762847.0,165.5200043
Poland,2024,38539209.0,172.1199951
Poland,2025,38140913.0,173.2599945
Portugal,2000,10283196.0,43.20999908
Portugal,2001,10354329.0,46.06000137
Portugal,2002,10413045.0,45.54999924
Portugal,2003,10454246.0,46.38999939
Portugal,2004,10481386.0,44.68000031
Portugal,2005,10502993.0,46.00999832
Portugal,2006,10524123.0,48.40000153
Portugal,2007,10546822.0,46.70999908
Portugal,2008,10564086.0,45.34000015
Portugal,2009,10576265.0,49.38000107
Portugal,2010,10578659.0,53.47999954
Portugal,2011,10557050.0,51.77999878
Portugal,2012,10513155.0,45.43999863
Portugal,2013,10458287.0,50.34999847
Portugal,2014,10406203.0,51.79999924
Portugal,2015,10370264.0,51.13999939
Portugal,2016,10346377.0,59.04999924
Portugal,2017,10330838.0,57.59000015
Portugal,2018,10325355.0,58.34999847
Portugal,2019,10343218.0,51.59999847
Portugal,2020,10370519.0,51.38999939
Portugal,2021,10390957.0,49.22000122
Portugal,2022,10417074.0,46.33000183
Portugal,2023,10430735.0,46.13999939
Portugal,2024,10425291.0,47.27000046
Portugal,2025,10411831.0,51.13000107
Romania,2000,22046264.0,51.56000137
Romania,2001,21919916.0,53.54999924
Romania,2002,21770020.0,54.41999817
Romania,2003,21593448.0,54.84000015
Romania,2004,21403215.0,56.47000122
Romania,2005,21213395.0,59.33000183
Romania,2006,21035732.0,62.56000137
Romania,2007,20870714.0,61.56000137
Romania,2008,20718745.0,64.86000061
Romania,2009,20576922.0,57.59000015
Romania,2010,20432575.0,60.41999817
Romania,2011,20282009.0,61.79999924
Romania,2012,20158451.0,58.54000092
Romania,2013,20062913.0,58.18999863
Romania,2014,19968179.0,64.91999817
Romania,2015,19871018.0,65.66000366
Romania,2016,19777049.0,64.22000122
Romania,2017,19689405.0,63.54000092
Romania,2018,19597874.0,64.06999969
Romania,2019,19501542.0,58.75999832
Romania,2020,19392467.0,55.20999908
Romania,2021,19248159.0,58.56000137
Romania,2022,19166776.0,54.74000168
Romania,2023,19118482.0,56.95000076
Romania,2024,19015096.0,52.72000122
Romania,2025,18908655.0,49.81000137
Russia,2000,146717784.0,877.7600098
Russia,2001,146117290.0,891.2700195
Russia,2002,145939502.0,891.2800293
Russia,2003,145794230.0,916.289978
Russia,2004,145180091.0,931.9099731
Russia,2005,144597886.0,954.1099854
Russia,2006,144102948.0,992.1199951
Russia,2007,143859767.0,1018.700012
Russia,2008,143811837.0,1040.0
Russia,2009,143869128.0,993.0999756
Russia,2010,143934468.0,1038.02002
Russia,2011,144043751.0,1054.859985
Russia,2012,144291025.0,1069.27002
Russia,2013,144604105.0,1059.079956
Russia,2014,144925639.0,1064.199951
Russia,2015,145307612.0,1067.550049
Russia,2016,145778668.0,1090.969971
Russia,2017,146186798.0,1091.170044
Russia,2018,146430146.0,1109.189941
Russia,2019,146533063.0,1118.160034
Russia,2020,146371295.0,1085.420044
Russia,2021,145836172.0,1157.069946
Russia,2022,145579889.0,1166.939941
Russia,2023,145440502.0,1178.25
Russia,2024,144820421.0,1209.310059
Russia,2025,143997393.0,1192.790039
Seychelles,2000,83339.0,0.200000003
Seychelles,2001,84621.0,0.200000003
Seychelles,2002,85878.0,0.230000004
Seychelles,2003,87056.0,0.230000004
Seychelles,2004,88175.0,0.230000004
Seychelles,2005,89288.0,0.300000012
Seychelles,2006,90391.0,0.319999993
Seychelles,2007,91483.0,0.340000004
Seychelles,2008,92563.0,0.340000004
Seychelles,2009,93644.0,0.349999994
Seychelles,2010,94993.0,0.379999995
Seychelles,2011,97041.0,0.400000006
Seychelles,2012,99565.0,0.409999996
Seychelles,2013,102108.0,0.439999998
Seychelles,2014,104663.0,0.449999988
Seychelles,2015,107247.0,0.460000008
Seychelles,2016,109836.0,0.5
Seychelles,2017,112443.0,0.50999999
Seychelles,2018,115053.0,0.519999981
Seychelles,2019,117662.0,0.569999993
Seychelles,2020,120299.0,0.589999974
Seychelles,2021,123000.0,0.600000024
Seychelles,2022,125533.0,0.620000005
Seychelles,2023,127961.0,0.620000005
Seychelles,2024,130436.0,0.629999995
Slovakia,2000,5380001.0,30.78000069
Slovakia,2001,5379439.0,31.81999969
Slovakia,2002,5377685.0,32.18000031
Slovakia,2003,5376197.0,30.97999954
Slovakia,2004,5376038.0,30.45999908
Slovakia,2005,5376697.0,31.34000015
Slovakia,2006,5376847.0,31.25
Slovakia,2007,5376993.0,27.85000038
Slovakia,2008,5379127.0,28.70000076
Slovakia,2009,5385074.0,25.93000031
Slovakia,2010,5391857.0,27.45999908
Slovakia,2011,5398105.0,28.28000069
Slovakia,2012,5404877.0,28.29999924
Slovakia,2013,5410422.0,28.5
Slovakia,2014,5415238.0,27.12999916
Slovakia,2015,5420278.0,26.62000084
Slovakia,2016,5427262.0,26.79999924
Slovakia,2017,5435702.0,27.42000008
Slovakia,2018,5443229.0,26.65999985
Slovakia,2019,5450627.0,28.20999908
Slovakia,2020,5455028.0,28.51000023
Slovakia,2021,5442766.0,29.70000076
Slovakia,2022,5473195.0,26.54000092
Slovakia,2023,5518057.0,29.53000069
Slovakia,2024,5506759.0,29.52000046
Slovakia,2025,5474874.0,29.10000038
Slovenia,2000,1986817.0,13.60999966
Slovenia,2001,1989684.0,14.47999954
Slovenia,2002,1991571.0,14.60000038
Slovenia,2003,1992499.0,13.82999992
Slovenia,2004,1993548.0,15.27000046
Slovenia,2005,1996915.0,15.10999966
Slovenia,2006,2003116.0,15.10999966
Slovenia,2007,2014159.0,15.03999996
Slovenia,2008,2025090.0,16.40999985
Slovenia,2009,2035610.0,16.38999939
Slovenia,2010,2044611.0,16.26000023
Slovenia,2011,2048805.0,15.92000008
Slovenia,2012,2053322.0,15.55000019
Slovenia,2013,2056452.0,15.80000019
Slovenia,2014,2058395.0,17.14999962
Slovenia,2015,2059946.0,14.80000019
Slovenia,2016,2061379.0,16.22999954
Slovenia,2017,2062410.0,16.04999924
Slovenia,2018,2069484.0,16.12000084
Slovenia,2019,2083438.0,15.89000034
Slovenia,2020,2102421.0,16.88999939
Slovenia,2021,2113495.0,15.59000015
Slovenia,2022,2115231.0,13.35999966
Slovenia,2023,2118394.0,15.55000019
Slovenia,2024,2118692.0,16.70999908
Slovenia,2025,2117070.0,14.84000015
South Africa,2000,47159715.0,210.6600037
South Africa,2001,47566805.0,210.0899963
South Africa,2002,48019414.0,220.5800018
South Africa,2003,48500351.0,234.2400055
South Africa,2004,48991420.0,244.6100006
South Africa,2005,49490041.0,244.9299927
South Africa,2006,49998271.0,253.8099976
South Africa,2007,50528575.0,263.4899902
South Africa,2008,51114595.0,258.2900085
South Africa,2009,51728518.0,249.5599976
South Africa,2010,52344047.0,259.5899963
South Africa,2011,52995212.0,262.480011
South Africa,2012,53782570.0,257.8699951
South Africa,2013,54678789.0,255.9499969
South Africa,2014,55594840.0,254.7700043
South Africa,2015,56723536.0,250.0500031
South Africa,2016,57259550.0,252.8099976
South Africa,2017,57635158.0,255.1399994
South Africa,2018,58613001.0,256.2999878
South Africa,2019,59587880.0,253.0700073
South Africa,2020,60562374.0,240.7400055
South Africa,2021,61502602.0,245.4600067
South Africa,2022,62378417.0,239.1699982
South Africa,2023,63212386.0,232.9499969
South Africa,2024,64007187.0,247.5200043
South Africa,2025,64747319.0,242.7599945
Korea,2000,46766660.0,290.4500122
Korea,2001,47043467.0,309.8800049
Korea,2002,47299118.0,332.0100098
Korea,2003,47514158.0,347.769989
Korea,2004,47697076.0,368.019989
Korea,2005,47851646.0,389.4700012
Korea,2006,48006518.0,402.9899902
Korea,2007,48178122.0,425.4100037
Korea,2008,48356485.0,442.6099854
Korea,2009,48546690.0,452.4500122
Korea,2010,48769329.0,495.0299988
Korea,2011,49127640.0,518.1599731
Korea,2012,49599580.0,531.210022
Korea,2013,50071168.0,537.1599731
Korea,2014,50539055.0,540.3800049
Korea,2015,50983909.0,547.7999878
Korea,2016,51297836.0,560.9799805
Korea,2017,51486268.0,576.4099731
Korea,2018,51640894.0,592.9099731
Korea,2019,51767844.0,586.7999878
Korea,2020,51858481.0,577.1099854
Korea,2021,51848401.0,607.7600098
Korea,2022,51782515.0,622.5900269
Korea,2023,51748744.0,617.4899902
Korea,2024,51717587.0,625.3800049
Korea,2025,51667035.0,624.6599731
Spain,2000,41019772.0,220.9199982
Spain,2001,41245602.0,233.0700073
Spain,2002,41755703.0,239.9100037
Spain,2003,42506540.0,257.2999878
Spain,2004,43234562.0,276.6099854
Spain,2005,43958883.0,289.4599915
Spain,2006,44695446.0,295.5899963
Spain,2007,45516501.0,301.8599854
Spain,2008,46235055.0,309.7900085
Spain,2009,46635182.0,290.7200012
Spain,2010,46840469.0,297.7999878
Spain,2011,46998040.0,291.5400085
Spain,2012,47018323.0,293.9500122
Spain,2013,46860394.0,281.4599915
Spain,2014,46720187.0,274.4400024
Spain,2015,46683683.0,277.1700134
Spain,2016,46732768.0,270.7000122
Spain,2017,46868594.0,272.3800049
Spain,2018,47092817.0,271.3999939
Spain,2019,47435121.0,270.519989
Spain,2020,47679482.0,259.4700012
Spain,2021,47735670.0,270.75
Spain,2022,47828386.0,287.1499939
Spain,2023,47911583.0,279.1099854
Spain,2024,47910533.0,280.9400024
Spain,2025,47889960.0,287.8900146
Sweden,2000,8872099.0,145.2299957
Sweden,2001,8896018.0,161.6000061
Sweden,2002,8925045.0,146.6999969
Sweden,2003,8958434.0,135.3899994
Sweden,2004,8993805.0,151.5599976
Sweden,2005,9029771.0,158.3600006
Sweden,2006,9080628.0,143.2799988
Sweden,2007,9148280.0,148.8200073
Sweden,2008,9219903.0,149.8999939
Sweden,2009,9298738.0,136.6000061
Sweden,2010,9378234.0,148.4499969
Sweden,2011,9449263.0,150.2799988
Sweden,2012,9519477.0,166.4400024
Sweden,2013,9600620.0,153.0299988
Sweden,2014,9696438.0,153.5599976
Sweden,2015,9799483.0,162.0
Sweden,2016,9923281.0,155.8899994
Sweden,2017,10057864.0,164.2299957
Sweden,2018,10175400.0,163.3600006
Sweden,2019,10279120.0,168.4199982
Sweden,2020,10353682.0,163.7799988
Sweden,2021,10416134.0,171.7799988
Sweden,2022,10487335.0,173.0500031
Sweden,2023,10551493.0,166.0500031
Sweden,2024,10606993.0,172.1499939
Sweden,2025,10656636.0,170.7100067
Switzerland,2000,7184003.0,66.12000275
Switzerland,2001,7226391.0,71.05000305
Switzerland,2002,7278744.0,65.41000366
Switzerland,2003,7333451.0,65.33999634
Switzerland,2004,7384196.0,63.86999893
Switzerland,2005,7431824.0,57.79999924
Switzerland,2006,7478514.0,62.13000107
Switzerland,2007,7545386.0,66.43000031
Switzerland,2008,7641730.0,67.04000092
Switzerland,2009,7737644.0,66.66999817
Switzerland,2010,7825750.0,66.05000305
Switzerland,2011,7914379.0,62.88000107
Switzerland,2012,7998927.0,68.12999725
Switzerland,2013,8091199.0,68.69000244
Switzerland,2014,8190238.0,70.08000183
Switzerland,2015,8283940.0,66.06999969
Switzerland,2016,8374903.0,61.09999847
Switzerland,2017,8453630.0,60.15000153
Switzerland,2018,8516341.0,66.29000092
Switzerland,2019,8577525.0,70.56999969
Switzerland,2020,8640582.0,68.5
Switzerland,2021,8707019.0,63.09000015
Switzerland,2022,8792180.0,61.72000122
Switzerland,2023,8870564.0,70.06999969
Switzerland,2024,8921979.0,78.37000275
Switzerland,2025,8967413.0,65.01999664
Thailand,2000,63007815.0,95.51999664
Thailand,2001,63651137.0,100.9899979
Thailand,2002,64266433.0,108.4400024
Thailand,2003,64868164.0,115.9400024
Thailand,2004,65452049.0,124.1299973
Thailand,2005,66017415.0,130.4299927
Thailand,2006,66567685.0,136.7799988
Thailand,2007,67102388.0,142.5299988
Thailand,2008,67619835.0,145.4400024
Thailand,2009,68121077.0,145.8999939
Thailand,2010,68579443.0,157.5700073
Thailand,2011,69007212.0,153.3000031
Thailand,2012,69436091.0,168.9600067
Thailand,2013,69845112.0,168.6399994
Thailand,2014,70216362.0,173.7599945
Thailand,2015,70540787.0,177.8300018
Thailand,2016,70859835.0,179.8200073
Thailand,2017,71160183.0,176.7299957
Thailand,2018,71376081.0,177.7599945
Thailand,2019,71522264.0,186.5099945
Thailand,2020,71641484.0,176.4799957
Thailand,2021,71727338.0,176.3600006
Thailand,2022,71735321.0,180.3699951
Thailand,2023,71702436.0,190.4799957
Thailand,2024,71668010.0,199.5200043
Thailand,2025,71619866.0,188.2400055
Turkiye,2000,65425957.0,124.3799973
Turkiye,2001,66245125.0,122.2399979
Turkiye,2002,67048792.0,128.4600067
Turkiye,2003,67831735.0,139.5399933
Turkiye,2004,68592621.0,149.75
Turkiye,2005,69329557.0,161.6300049
Turkiye,2006,70045351.0,176.25
Turkiye,2007,70750593.0,191.5200043
Turkiye,2008,71562343.0,198.3699951
Turkiye,2009,72464846.0,194.8099976
Turkiye,2010,73346766.0,211.1799927
Turkiye,2011,74215203.0,229.3899994
Turkiye,2012,75197196.0,239.4900055
Turkiye,2013,76403032.0,240.1499939
Turkiye,2014,78036154.0,251.9499969
Turkiye,2015,80014222.0,261.769989
Turkiye,2016,81652087.0,274.3999939
Turkiye,2017,83083667.0,297.2900085
Turkiye,2018,84415966.0,300.1499939
Turkiye,2019,85357670.0,300.1799927
Turkiye,2020,86091691.0,302.0
Turkiye,2021,86686254.0,327.8800049
Turkiye,2022,87058469.0,320.5599976
Turkiye,2023,87270502.0,319.7900085
Turkiye,2024,87473800.0,341.230011
Turkiye,2025,87685427.0,353.8599854
United Kingdom,2000,59057333.0,377.0599976
United Kingdom,2001,59288095.0,384.769989
United Kingdom,2002,59540764.0,387.2399902
United Kingdom,2003,59820385.0,398.2099915
United Kingdom,2004,60169964.0,393.9200134
United Kingdom,2005,60596107.0,398.3500061
United Kingdom,2006,61051093.0,397.269989
United Kingdom,2007,61535859.0,396.8099976
United Kingdom,2008,62027303.0,388.9599915
United Kingdom,2009,62506222.0,376.7600098
United Kingdom,2010,63006482.0,382.0599976
United Kingdom,2011,63509285.0,367.9700012
United Kingdom,2012,63960488.0,363.8699951
United Kingdom,2013,64389386.0,358.2799988
United Kingdom,2014,64865914.0,338.0799866
United Kingdom,2015,65382107.0,338.8699951
United Kingdom,2016,65893359.0,339.1799927
United Kingdom,2017,66354473.0,338.2200012
United Kingdom,2018,66752473.0,333.7600098
United Kingdom,2019,67110958.0,327.1900024
United Kingdom,2020,67351860.0,310.2999878
United Kingdom,2021,67668788.0,307.8999939
United Kingdom,2022,68179315.0,324.5799866
United Kingdom,2023,68682965.0,292.5299988
United Kingdom,2024,69138185.0,284.1600037
United Kingdom,2025,69551334.0,292.3099976
USA,2000,281484126.0,3802.100098
USA,2001,284279634.0,3727.570068
USA,2002,287084335.0,3844.22998
USA,2003,289908091.0,3868.939941
USA,2004,292786248.0,3951.949951
USA,2005,295716666.0,4034.98999
USA,2006,298730208.0,4046.939941
USA,2007,301844223.0,4142.569824
USA,2008,304970325.0,4107.529785
USA,2009,308023452.0,3939.820068
USA,2010,311062785.0,4113.939941
USA,2011,314105075.0,4088.870117
USA,2012,317115349.0,4040.669922
USA,2013,320110752.0,4055.610107
USA,2014,323115377.0,4096.009766
USA,2015,326126496.0,4083.98999
USA,2016,329179423.0,4087.560059
USA,2017,332204657.0,4052.310059
USA,2018,335056492.0,4201.549805
USA,2019,337790069.0,4158.379883
USA,2020,339436156.0,4043.179932
USA,2021,340161438.0,4153.620117
USA,2022,341534041.0,4286.890137
USA,2023,343477330.0,4253.910156
USA,2024,345426566.0,4391.02002
USA,2025,347275809.0,4519.790039
Uzbekistan,2000,24787052.0,46.86000061
Uzbekistan,2001,25090289.0,47.95999908
Uzbekistan,2002,25399987.0,49.40000153
Uzbekistan,2003,25711261.0,48.74000168
Uzbekistan,2004,26029350.0,49.70000076
Uzbekistan,2005,26356977.0,47.66999817
Uzbekistan,2006,26699046.0,49.31999969
Uzbekistan,2007,27076013.0,49.02000046
Uzbekistan,2008,27494780.0,50.22000122
Uzbekistan,2009,27939333.0,50.09999847
Uzbekistan,2010,28385509.0,51.97000122
Uzbekistan,2011,28823194.0,52.79999924
Uzbekistan,2012,29261908.0,53.0
Uzbekistan,2013,29724065.0,54.61000061
Uzbekistan,2014,30222994.0,55.75
Uzbekistan,2015,30749349.0,57.40999985
Uzbekistan,2016,31284565.0,58.70999908
Uzbekistan,2017,31819172.0,60.84000015
Uzbekistan,2018,32373489.0,63.15000153
Uzbekistan,2019,32964700.0,63.56000137
Uzbekistan,2020,33586373.0,66.52999878
Uzbekistan,2021,34243696.0,71.44000244
Uzbekistan,2022,34938953.0,75.06999969
Uzbekistan,2023,35652311.0,76.80000305
Uzbekistan,2024,36361859.0,81.5
Uzbekistan,2025,37053428.0,86.69999695
Viet Nam,2000,77154016.0,26.55999947
Viet Nam,2001,77969357.0,30.61000061
Viet Nam,2002,78772227.0,35.79999924
Viet Nam,2003,79563778.0,40.93000031
Viet Nam,2004,80338977.0,46.20000076
Viet Nam,2005,81088309.0,52.08000183
Viet Nam,2006,82167901.0,57.90000153
Viet Nam,2007,83633374.0,64.16000366
Viet Nam,2008,85175789.0,70.94999695
Viet Nam,2009,86460023.0,80.63999939
Viet Nam,2010,87455148.0,91.72000122
Viet Nam,2011,88468315.0,101.5100021
Viet Nam,2012,89510355.0,115.1600037
Viet Nam,2013,90573103.0,124.4599991
Viet Nam,2014,91679582.0,141.25
Viet Nam,2015,92823254.0,161.9299927
Viet Nam,2016,94000115.0,179.1699982
Viet Nam,2017,95176978.0,194.7200012
Viet Nam,2018,96237319.0,217.1799927
Viet Nam,2019,97173778.0,236.8899994
Viet Nam,2020,98079196.0,244.0
Viet Nam,2021,98935101.0,253.6100006
Viet Nam,2022,99680656.0,265.1099854
Viet Nam,2023,100352189.0,276.5899963
Viet Nam,2024,100987685.0,303.5799866
Viet Nam,2025,101598530.0,309.9899902
Africa,2000,47243054.0,210.86000370300002
Africa,2001,47651426.0,210.289996303
Africa,2002,48105292.0,220.810001804
Africa,2003,48587407.0,234.470005504
Africa,2004,49079595.0,244.840000604
Africa,2005,49579329.0,245.229992712
Africa,2006,50088662.0,254.129997593
Africa,2007,50620058.0,263.829990204
Africa,2008,51207158.0,258.630008504
Africa,2009,51822162.0,249.909997594
Africa,2010,52439040.0,259.969996295
Africa,2011,53092253.0,262.880011006
Africa,2012,53882135.0,258.279995096
Africa,2013,54780897.0,256.389996898
Africa,2014,55699503.0,255.220004288
Africa,2015,56830783.0,250.510003108
Africa,2016,57369386.0,253.3099976
Africa,2017,57747601.0,255.64999939
Africa,2018,58728054.0,256.819987781
Africa,2019,59705542.0,253.640007293
Africa,2020,60682673.0,241.330005474
Africa,2021,61625602.0,246.060006724
Africa,2022,62503950.0,239.78999820500002
Africa,2023,63340347.0,233.569996905
Africa,2024,64137623.0,248.150004295
Africa,2025,64747319.0,242.7599945
Asia Pacific,2000,2903495844.0,3862.87004701
Asia Pacific,2001,2938429386.0,4036.98008007
Asia Pacific,2002,2972027040.0,4300.57999027
Asia Pacific,2003,3004507320.0,4612.9599114
Asia Pacific,2004,3036709709.0,5053.50998688
Asia Pacific,2005,3068711372.0,5434.6899756699995
Asia Pacific,2006,3100814337.0,5895.18993455
Asia Pacific,2007,3132729707.0,6433.530040430001
Asia Pacific,2008,3164420440.0,6725.3699188400005
Asia Pacific,2009,3196799863.0,6958.10991375
Asia Pacific,2010,3229482711.0,7641.79021799
Asia Pacific,2011,3261669752.0,8241.59989931
Asia Pacific,2012,3294295366.0,8635.620132600001
Asia Pacific,2013,3326767433.0,9149.28983686
Asia Pacific,2014,3357842857.0,9646.82020597
Asia Pacific,2015,3387376560.0,9733.77011889
Asia Pacific,2016,3416776512.0,10227.340141229999
Asia Pacific,2017,3446146332.0,10820.64989805
Asia Pacific,2018,3472719097.0,11569.300190040001
Asia Pacific,2019,3496116066.0,11945.600158000001
Asia Pacific,2020,3516125578.0,12125.44988227
Asia Pacific,2021,3530935918.0,13080.94979554
Asia Pacific,2022,3543657587.0,13595.299926200001
Asia Pacific,2023,3556769169.0,14320.40016119
Asia Pacific,2024,3569356143.0,15163.57992732
Asia Pacific,2025,3296154286.0,15348.48039455
Europe,2000,710384690.0,4215.710007281
Europe,2001,711851147.0,4295.589988037
Europe,2002,714118381.0,4331.050041667
Europe,2003,716687688.0,4432.179961992
Europe,2004,718858588.0,4523.419918654
Europe,2005,721019156.0,4599.900025022
Europe,2006,722909983.0,4688.889958316
Europe,2007,725289593.0,4766.870024122
Europe,2008,728258087.0,4809.369952852
Europe,2009,730995096.0,4585.189991108
Europe,2010,733507100.0,4780.620012218
Europe,2011,735970716.0,4764.390008254
Europe,2012,738359572.0,4805.390038196
Europe,2013,740862695.0,4758.759931971
Europe,2014,744013123.0,4704.649933863
Europe,2015,747974562.0,4764.880055916
Europe,2016,751726788.0,4822.390021287
Europe,2017,754927798.0,4875.500063309
Europe,2018,757798648.0,4881.669949128001
Europe,2019,760152842.0,4841.720064532
Europe,2020,761460640.0,4690.370017857
Europe,2021,761860499.0,4905.229952138
Europe,2022,764032286.0,4814.279963729
Europe,2023,766295867.0,4741.929995777
Europe,2024,766044393.0,4860.250094071
Europe,2025,764271850.0,4859.690040567
Central and South America,2000,331175145.0,643.339988234
Central and South America,2001,335802368.0,631.129988175
Central and South America,2002,340310432.0,657.019994686
Central and South America,2003,344702177.0,689.420010521
Central and South America,2004,348999855.0,731.189991449
Central and South America,2005,353238603.0,761.39000793
Central and South America,2006,357428378.0,792.7000131560001
Central and South America,2007,361613862.0,830.4600029420001
Central and South America,2008,365779433.0,856.809999439
Central and South America,2009,369860739.0,860.290021901
Central and South America,2010,373840582.0,921.359994869
Central and South America,2011,377749497.0,961.0100059900001
Central and South America,2012,381593174.0,991.63001532
Central and South America,2013,385376604.0,1024.49001026
Central and South America,2014,389066135.0,1044.67997173
Central and South America,2015,392583457.0,1055.22996144
Central and South America,2016,396041193.0,1065.10002036
Central and South America,2017,399706613.0,1087.0900048600001
Central and South America,2018,403556439.0,1122.0900239
Central and South America,2019,407323721.0,1152.08002662
Central and South America,2020,410494839.0,1127.5400229000002
Central and South America,2021,412902930.0,1170.18001932
Central and South America,2022,415292268.0,1203.64996811
Central and South America,2023,417966003.0,1247.35001276
Central and South America,2024,420640609.0,1289.65996554
Central and South America,2025,423197791.0,1299.17003153
Middle East and Caspian,2000,36285191.0,96.890000346
Middle East and Caspian,2001,36849166.0,99.44999980200001
Middle East and Caspian,2002,37403778.0,103.020001416
Middle East and Caspian,2003,37955919.0,103.810002333
Middle East and Caspian,2004,38526500.0,105.939999578
Middle East and Caspian,2005,39114786.0,105.929998399
Middle East and Caspian,2006,39970452.0,111.00000095000001
Middle East and Caspian,2007,40865704.0,115.6400013
Middle East and Caspian,2008,41567275.0,121.16000176
Middle East and Caspian,2009,42287192.0,119.10999774000001
Middle East and Caspian,2010,43019290.0,125.30000018999999
Middle East and Caspian,2011,43774648.0,127.03999805000001
Middle East and Caspian,2012,44456822.0,132.59999847
Middle East and Caspian,2013,45465246.0,133.19000053000002
Middle East and Caspian,2014,46911882.0,134.88000107
Middle East and Caspian,2015,48346995.0,140.70000268
Middle East and Caspian,2016,49500940.0,145.3900013
Middle East and Caspian,2017,50415195.0,149.06000328
Middle East and Caspian,2018,51345866.0,152.53999901
Middle East and Caspian,2019,52294059.0,156.80000114
Middle East and Caspian,2020,53251985.0,159.9699974
Middle East and Caspian,2021,54252977.0,166.9200058
Middle East and Caspian,2022,55298365.0,174.51000213
Middle East and Caspian,2023,56347842.0,178.00000382
Middle East and Caspian,2024,57301759.0,185.57000161
Middle East and Caspian,2025,46570610.0,168.79999542000002
North America,2000,312375926.0,4405.9201053
North America,2001,315493212.0,4315.3300778
North America,2002,318619914.0,4444.019958
North America,2003,321744574.0,4457.2099605
North America,2004,324918928.0,4550.4499510000005
North America,2005,328156838.0,4655.48999
North America,2006,331489382.0,4655.3699337
North America,2007,334936394.0,4776.7598264
North America,2008,338419413.0,4742.6397704
North America,2009,341849822.0,4553.6900631
North America,2010,345259685.0,4720.9699703
North America,2011,348660524.0,4727.1401365
North America,2012,352037862.0,4677.2099
North America,2013,355404173.0,4711.3001094
North America,2014,358749642.0,4748.9797367
North America,2015,362088732.0,4745.0700071
North America,2016,365532768.0,4754.6900639
North America,2017,369013155.0,4721.6600346
North America,2018,372351488.0,4862.7498172
North America,2019,375573003.0,4814.0798952
North America,2020,377608059.0,4699.0699466
North America,2021,378615496.0,4806.0201414
North America,2022,380355300.0,4950.9701541
North America,2023,382776428.0,4895.3001706
North America,2024,385168995.0,5027.809998
North America,2025,387402537.0,5172.2300414
World,2000,4340959850.0,13435.590151874
World,2001,4386076705.0,13588.770130187
World,2002,4430584837.0,14056.499987843
World,2003,4474185085.0,14530.04985225
World,2004,4517093175.0,15209.349848165
World,2005,4559820084.0,15802.629989733001
World,2006,4602701194.0,16397.279838265
World,2007,4646055318.0,17187.089885398
World,2008,4689651806.0,17513.979651794998
World,2009,4733614874.0,17326.299985193
World,2010,4777548408.0,18450.010191862
World,2011,4820917390.0,19084.06005911
World,2012,4864624931.0,19500.730079682
World,2013,4908657048.0,20033.419885919
World,2014,4952283142.0,20535.229853621
World,2015,4995201089.0,20690.160149134
World,2016,5036947587.0,21268.220245677
World,2017,5077956694.0,21909.610003489
World,2018,5116499592.0,22845.169967059002
World,2019,5151165233.0,23163.920152785002
World,2020,5179623774.0,23043.729872501
World,2021,5200193422.0,24375.359920922
World,2022,5221139756.0,24978.500012474
World,2023,5243495656.0,25616.550341052
World,2024,5262649522.0,26775.019990836
World,2025,4982344393.0,27091.130497967002
