region_country,year,code,Greenhouse gas emissions per capita,population,electricity_generation,Urban_pct
Africa,2000,AFR,15.413796,47243054,210.8600037,99.65641856
Africa,2001,AFR,15.3062895,47651426,210.2899963,100.2187325
Africa,2002,AFR,14.7945776,48105292,220.8100018,100.7672052
Africa,2003,AFR,15.4771,48587407,234.4700055,101.377367
Africa,2004,AFR,16.69363,49079595,244.8400006,102.0215148
Africa,2005,AFR,15.79932,49579329,245.2299927,102.6752108
Africa,2006,AFR,16.360187,50088662,254.1299976,103.3156897
Africa,2007,AFR,16.8731507,50620058,263.8299902,103.9201863
Africa,2008,AFR,17.3069686,51207158,258.6300085,104.4659355
Africa,2009,AFR,16.9346943,51822162,249.9099976,104.930172
Africa,2010,AFR,16.4238214,52439040,259.9699963,105.2902193
Africa,2011,AFR,15.906271,53092253,262.880011,105.5246122
Africa,2012,AFR,15.6372075,53882135,258.2799951,105.6878319
Africa,2013,AFR,15.174379,54780897,256.3899969,105.867472
Africa,2014,AFR,15.808058,55699503,255.2200043,106.0738583
Africa,2015,AFR,15.4104943,56830783,250.5100031,106.3044386
Africa,2016,AFR,15.702925,57369386,253.3099976,106.5566606
Africa,2017,AFR,15.465017,57747601,255.6499994,106.8279723
Africa,2018,AFR,15.564774,58728054,256.8199878,107.1158214
Africa,2019,AFR,15.532489,59705542,253.6400073,107.4176559
Africa,2020,AFR,14.7406977,60682673,241.3300055,107.7309236
Africa,2021,AFR,14.687234,61625602,246.0600067,108.0530722
Africa,2022,AFR,14.404498,62503950,239.7899982,108.3874909
Africa,2023,AFR,14.4224123,63340347,233.5699969,108.6794787
Africa,2024,AFR,14.335834,64137623,248.1500043,108.9816607
Africa,2025,AFR,,64747319,242.7599945,
Asia Pacific,2000,APAC,117.4773876,2903495844,3862.870047,552.8703167
Asia Pacific,2001,APAC,119.6735945,2938429386,4036.98008,559.113474
Asia Pacific,2002,APAC,116.4834552,2972027040,4300.57999,566.6456003
Asia Pacific,2003,APAC,115.844223,3004507320,4612.959911,574.6992471
Asia Pacific,2004,APAC,116.2396443,3036709709,5053.509987,582.5286787
Asia Pacific,2005,APAC,108.4378471,3068711372,5434.689976,589.7931716
Asia Pacific,2006,APAC,114.1716749,3100814337,5895.189935,596.5806772
Asia Pacific,2007,APAC,113.4594489,3132729707,6433.53004,603.3361807
Asia Pacific,2008,APAC,120.5693998,3164420440,6725.369919,609.3240184
Asia Pacific,2009,APAC,116.2494073,3196799863,6958.109914,615.0887922
Asia Pacific,2010,APAC,124.4285387,3229482711,7641.790218,619.7778222
Asia Pacific,2011,APAC,126.4730037,3261669752,8241.599899,625.4915898
Asia Pacific,2012,APAC,123.2592491,3294295366,8635.620133,629.4715988
Asia Pacific,2013,APAC,120.5485555,3326767433,9149.289837,633.3449189
Asia Pacific,2014,APAC,120.3700333,3357842857,9646.820206,636.9376778
Asia Pacific,2015,APAC,115.8493365,3387376560,9733.770119,640.8436414
Asia Pacific,2016,APAC,110.7389463,3416776512,10227.34014,644.8222303
Asia Pacific,2017,APAC,111.356064,3446146332,10820.6499,649.024845
Asia Pacific,2018,APAC,110.3620801,3472719097,11569.30019,657.2318134
Asia Pacific,2019,APAC,109.1654509,3496116066,11945.60016,661.7638367
Asia Pacific,2020,APAC,104.6614915,3516125578,12125.44988,665.8305565
Asia Pacific,2021,APAC,103.9481965,3530935918,13080.9498,670.8125416
Asia Pacific,2022,APAC,102.3539005,3543657587,13595.29993,675.0602404
Asia Pacific,2023,APAC,101.7071835,3556769169,14320.40016,678.8471706
Asia Pacific,2024,APAC,101.5456232,3569356143,15163.57993,682.1982303
Asia Pacific,2025,APAC,,3296154286,15348.48039,
Australia,2000,AUS,40.317493,19132472,216.8300018,85.10716086
Australia,2001,AUS,38.010326,19365438,224.2599945,85.14810942
Australia,2002,AUS,35.732056,19595356,223.4900055,85.28421028
Australia,2003,AUS,37.06214,19819449,225.9499969,85.40970778
Australia,2004,AUS,38.004784,20046679,229.2299957,85.51876761
Australia,2005,AUS,31.413286,20294490,230.7400055,85.61908712
Australia,2006,AUS,32.190773,20590566,237.9900055,85.74925443
Australia,2007,AUS,33.283916,20954545,243.1900024,85.89685196
Australia,2008,AUS,37.308044,21370595,245.3800049,86.0253817
Australia,2009,AUS,32.56265,21783014,249.8999939,86.12781391
Australia,2010,AUS,41.015854,22141583,250.9700012,86.21986005
Australia,2011,AUS,38.641823,22479779,256.2799988,86.32689461
Australia,2012,AUS,34.84383,22852648,250.6600037,86.44512591
Australia,2013,AUS,29.860008,23236271,249.5599976,86.57405158
Australia,2014,AUS,28.44425,23595599,247.6499939,86.72212893
Australia,2015,AUS,26.639627,23947997,253.9900055,86.87786425
Australia,2016,AUS,27.841095,24329963,258.230011,87.01662952
Australia,2017,AUS,28.963062,24731044,258.9700012,87.12809266
Australia,2018,AUS,27.113306,25119700,262.6300049,87.22676808
Australia,2019,AUS,25.339125,25482714,265.8999939,87.30196479
Australia,2020,AUS,24.778906,25743787,265.1499939,87.27134705
Australia,2021,AUS,24.117104,25956417,267.4500122,87.23534076
Australia,2022,AUS,23.244148,26200987,272.9200134,87.33432683
Australia,2023,AUS,23.117304,26451126,273.1099854,87.48669557
Australia,2024,AUS,22.83231,26713206,281.6400146,87.602147
Australia,2025,AUS,,26974024,286.3399963,
Austria,2000,AUT,9.933071,8012929,59.63999939,66.7690239
Austria,2001,AUT,10.387493,8042233,60.97999954,66.84081613
Austria,2002,AUT,10.549829,8081640,60.63000107,66.88874571
Austria,2003,AUT,11.382799,8122604,57.97000122,66.9263575
Austria,2004,AUT,11.13809,8173496,61.84999847,66.95586129
Austria,2005,AUT,11.195336,8229204,64.37000275,66.97979507
Austria,2006,AUT,10.90451,8269901,62.20999908,67.00069681
Austria,2007,AUT,10.606105,8296948,62.83000183,67.02110449
Austria,2008,AUT,10.583739,8323250,64.37999725,67.04355608
Austria,2009,AUT,9.67923,8345073,66.20999908,67.07058957
Austria,2010,AUT,10.234332,8365087,67.81999969,67.10474293
Austria,2011,AUT,9.924477,8393272,62.20000076,67.14842554
Austria,2012,AUT,9.524514,8431599,68.65000153,67.20859098
Austria,2013,AUT,9.582816,8481411,64.55000305,67.29813088
Austria,2014,AUT,9.007916,8547812,61.54999924,67.41543276
Austria,2015,AUT,9.09775,8644037,61.77999878,67.55761755
Austria,2016,AUT,9.074407,8737920,64.87000275,67.72180619
Austria,2017,AUT,9.320249,8798779,67.08999634,67.90511961
Austria,2018,AUT,8.939235,8841653,64.66999817,68.10467872
Austria,2019,AUT,9.056224,8880876,70.69000244,68.31760448
Austria,2020,AUT,8.341348,8921402,69.02999878,68.54101779
Austria,2021,AUT,8.769088,8967053,66.66999817,68.7736017
Austria,2022,AUT,8.164064,9064678,64.47000122,68.99808513
Austria,2023,AUT,7.5781584,9130434,70.98000336,69.22653583
Austria,2024,AUT,7.482617,9120815,78.47000122,69.46581811
Austria,2025,AUT,,9113578,73.22000122,
Belgium,2000,BEL,14.872246,10251719,82.79000092,82.01525204
Belgium,2001,BEL,14.621594,10287005,78.62999725,82.33568939
Belgium,2002,BEL,14.615368,10332975,80.94000244,82.65096633
Belgium,2003,BEL,14.615832,10376262,83.56999969,82.96095388
Belgium,2004,BEL,14.734936,10421298,82.91000366,83.26552308
Belgium,2005,BEL,14.199603,10478883,84.37999725,83.56454497
Belgium,2006,BEL,13.884735,10548445,83.33999634,83.85789059
Belgium,2007,BEL,13.4774885,10625488,86.80999756,84.14543096
Belgium,2008,BEL,13.310828,10709711,83.05999756,84.42703712
Belgium,2009,BEL,12.019967,10812936,89.76000214,84.70258011
Belgium,2010,BEL,12.566829,10936619,93.04000092,84.97193096
Belgium,2011,BEL,11.574674,11038624,89.27999878,85.2349607
Belgium,2012,BEL,11.282182,11107522,81.51000214,85.49154038
Belgium,2013,BEL,11.269594,11160277,81.94999695,85.74154102
Belgium,2014,BEL,10.723628,11210113,71.19999695,85.98483367
Belgium,2015,BEL,11.091791,11275332,68.43000031,86.22128935
Belgium,2016,BEL,10.846068,11332707,84.30999756,86.4507791
Belgium,2017,BEL,10.764667,11376583,85.33999634,86.67317395
Belgium,2018,BEL,10.799465,11428608,73.87000275,86.88834495
Belgium,2019,BEL,10.705454,11490623,92.69000244,87.09616312
Belgium,2020,BEL,9.895866,11540102,88.29000092,87.2964995
Belgium,2021,BEL,10.209646,11570843,99.40000153,87.43055641
Belgium,2022,BEL,9.570906,11641814,94.33000183,87.48920027
Belgium,2023,BEL,9.139,11712891,82.12999725,87.55149264
Belgium,2024,BEL,9.195861,11738761,76.01000214,87.6126557
Belgium,2025,BEL,,11758601,72.88999939,
Brazil,2000,BRA,16.227047,174018278,348.9299927,81.14843654
Brazil,2001,BRA,15.78761,176301201,328.5499878,81.59604506
Brazil,2002,BRA,16.700718,178503485,345.7200012,81.99434915
Brazil,2003,BRA,21.297302,180622688,364.3900146,82.35403358
Brazil,2004,BRA,18.140167,182675144,387.4899902,82.68168248
Brazil,2005,BRA,16.552488,184688101,403.0700073,82.98387996
Brazil,2006,BRA,15.103799,186653099,419.4500122,83.26721014
Brazil,2007,BRA,14.562687,188552311,445.1499939,83.53825713
Brazil,2008,BRA,13.744218,190367297,463.1799927,83.80360506
Brazil,2009,BRA,12.663623,192079958,466.1700134,84.06983803
Brazil,2010,BRA,12.504965,193701931,515.7999878,84.34384604
Brazil,2011,BRA,12.182661,195284736,531.7600098,84.62257586
Brazil,2012,BRA,12.714803,196876113,552.5,84.89738742
Brazil,2013,BRA,12.942455,198478290,570.8300171,85.16765854
Brazil,2014,BRA,13.135445,200085126,590.5499878,85.43313679
Brazil,2015,BRA,12.98077,201675534,581.2199707,85.69356971
Brazil,2016,BRA,12.3620615,203218108,578.8900146,85.94870484
Brazil,2017,BRA,11.87701,204703440,589.3200073,86.19828976
Brazil,2018,BRA,11.756933,206107265,601.3900146,86.44207199
Brazil,2019,BRA,11.900069,207455459,633.3300171,86.67979911
Brazil,2020,BRA,12.32247,208660845,628.7600098,86.91121865
Brazil,2021,BRA,13.240097,209550291,656.4000244,87.13607817
Brazil,2022,BRA,13.670547,210306411,677.1599731,87.34955624
Brazil,2023,BRA,13.345687,211140731,708.1199951,87.61597102
Brazil,2024,BRA,13.228536,211998565,745.7199707,87.89585495
Brazil,2025,BRA,,212812397,750.5300293,
Bulgaria,2000,BGR,6.8486023,8000519,40.59000015,68.26314545
Bulgaria,2001,BGR,7.1468396,7928455,43.43999863,69.19671198
Bulgaria,2002,BGR,6.913642,7861949,42.08000183,69.48591614
Bulgaria,2003,BGR,7.647926,7804405,42.27999878,69.78084564
Bulgaria,2004,BGR,7.1227775,7749430,41.36000061,69.91933441
Bulgaria,2005,BGR,7.3897014,7695047,43.88999939,70.08695984
Bulgaria,2006,BGR,7.479793,7640292,45.43999863,70.50752258
Bulgaria,2007,BGR,8.154737,7586896,42.81999969,70.68441772
Bulgaria,2008,BGR,8.1482,7535589,44.49000168,70.90209961
Bulgaria,2009,BGR,7.285257,7488016,42.31000137,71.30173492
Bulgaria,2010,BGR,7.795081,7437594,45.93000031,71.51493073
Bulgaria,2011,BGR,9.029452,7380023,49.95999908,72.61016539
Bulgaria,2012,BGR,8.442721,7317020,46.45999908,72.76848602
Bulgaria,2013,BGR,7.2679505,7264605,43.02000046,72.96328216
Bulgaria,2014,BGR,7.675163,7223450,46.91999817,73.08448792
Bulgaria,2015,BGR,8.282166,7177515,48.70999908,73.10305786
Bulgaria,2016,BGR,7.948747,7127436,44.52999878,73.17500305
Bulgaria,2017,BGR,8.352539,7075642,44.84000015,73.39045715
Bulgaria,2018,BGR,7.7646437,7024745,46.50999832,73.6002121
Bulgaria,2019,BGR,7.6140366,6975466,43.72000122,73.7162323
Bulgaria,2020,BGR,6.8361783,6933656,40.13999939,73.32398987
Bulgaria,2021,BGR,7.610645,6877222,47.22000122,73.34676562
Bulgaria,2022,BGR,8.297977,6825862,50.27999878,73.4799164
Bulgaria,2023,BGR,6.375943,6795805,40.08000183,73.73226716
Bulgaria,2024,BGR,5.9598427,6757686,38.29999924,73.94993569
Bulgaria,2025,BGR,,6714556,37.95999908,
Canada,2000,CAN,31.057178,30891800,603.8200073,78.62929955
Canada,2001,CAN,30.365082,31213578,587.7600098,78.84147649
Canada,2002,CAN,29.72726,31535579,599.789978,79.09902348
Canada,2003,CAN,29.796,31836483,588.2700195,79.39138067
Canada,2004,CAN,29.527658,32132680,598.5,79.69230633
Canada,2005,CAN,28.887848,32440172,620.5,79.97606159
Canada,2006,CAN,27.791416,32759174,608.4299927,80.2190661
Canada,2007,CAN,27.412447,33092171,634.1900024,80.44256151
Canada,2008,CAN,26.433825,33449088,635.1099854,80.66289449
Canada,2009,CAN,23.612288,33826370,613.8699951,80.85918389
Canada,2010,CAN,23.286385,34196900,607.0300293,81.01208923
Canada,2011,CAN,24.623545,34555449,638.2700195,81.10314254
Canada,2012,CAN,24.562958,34922513,636.539978,81.15134832
Canada,2013,CAN,24.486923,35293421,655.6900024,81.18343996
Canada,2014,CAN,24.69511,35634265,652.9699707,81.21118316
Canada,2015,CAN,24.468214,35962236,661.0800171,81.24656703
Canada,2016,CAN,23.283136,36353345,667.1300049,81.30230111
Canada,2017,CAN,23.869194,36808498,669.3499756,81.40189458
Canada,2018,CAN,23.41353,37294996,661.2000122,81.55003416
Canada,2019,CAN,22.798832,37782934,655.7000122,81.7363672
Canada,2020,CAN,20.852736,38171903,655.8900146,81.95098887
Canada,2021,CAN,21.369272,38454058,652.4000244,82.17792791
Canada,2022,CAN,21.005362,38821259,664.0800171,82.35008974
Canada,2023,CAN,20.994154,39299098,641.3900146,82.52505644
Canada,2024,CAN,20.198366,39742429,636.789978,82.70025658
Canada,2025,CAN,,40126728,652.4400024,
Central and South America,2000,CSAM,38.2520036,331175145,643.3399882,375.7354341
Central and South America,2001,CSAM,36.8008556,335802368,631.1299882,378.3140326
Central and South America,2002,CSAM,38.9575865,340310432,657.0199947,380.7610437
Central and South America,2003,CSAM,46.584509,344702177,689.4200105,383.06549
Central and South America,2004,CSAM,39.3075957,348999855,731.1899914,385.210456
Central and South America,2005,CSAM,37.0540167,353238603,761.3900079,387.140369
Central and South America,2006,CSAM,36.2908222,357428378,792.7000132,388.9101924
Central and South America,2007,CSAM,36.682924,361613862,830.4600029,390.6705414
Central and South America,2008,CSAM,36.1266147,365779433,856.8099994,392.4414844
Central and South America,2009,CSAM,34.1748635,369860739,860.2900219,394.2329823
Central and South America,2010,CSAM,33.621699,373840582,921.3599949,396.0557462
Central and South America,2011,CSAM,35.5370289,377749497,961.010006,397.8819348
Central and South America,2012,CSAM,40.3509901,381593174,991.6300153,398.970115
Central and South America,2013,CSAM,37.2365637,385376604,1024.49001,400.1207896
Central and South America,2014,CSAM,35.5286728,389066135,1044.679972,401.3131849
Central and South America,2015,CSAM,34.9309243,392583457,1055.229961,402.5327348
Central and South America,2016,CSAM,33.3306726,396041193,1065.10002,403.7657781
Central and South America,2017,CSAM,34.1353312,399706613,1087.090005,404.9974564
Central and South America,2018,CSAM,33.1622094,403556439,1122.090024,406.2661563
Central and South America,2019,CSAM,33.0902694,407323721,1152.080027,407.6662913
Central and South America,2020,CSAM,31.4275674,410494839,1127.540023,409.0439354
Central and South America,2021,CSAM,31.963694,412902930,1170.180019,410.3553811
Central and South America,2022,CSAM,31.9049576,415292268,1203.649968,411.6758068
Central and South America,2023,CSAM,31.1095238,417966003,1247.350013,413.0628373
Central and South America,2024,CSAM,30.9837618,420640609,1289.659966,414.4766748
Central and South America,2025,CSAM,,423197791,1299.170032,
Chile,2000,CHL,6.724094,15503638,41.11999893,86.27109125
Chile,2001,CHL,6.4492183,15683852,42.31999969,86.49063459
Chile,2002,CHL,6.2360387,15857926,43.43999863,86.61141151
Chile,2003,CHL,6.571243,16024755,46.63000107,86.6792973
Chile,2004,CHL,6.6311183,16187324,51,86.73367545
Chile,2005,CHL,6.7280397,16348780,52.22000122,86.77682445
Chile,2006,CHL,6.6462584,16509195,55.04000092,86.81251234
Chile,2007,CHL,7.1901755,16671571,58.27999878,86.84450716
Chile,2008,CHL,7.4583397,16838987,59.45999908,86.87657694
Chile,2009,CHL,6.8900075,17009730,60.36999893,86.91248973
Chile,2010,CHL,7.134177,17181463,60.25,86.95601356
Chile,2011,CHL,7.351103,17351810,65.65000153,87.01091647
Chile,2012,CHL,7.525238,17519116,69.56999969,87.08249437
Chile,2013,CHL,7.408627,17687006,72.83999634,87.18277777
Chile,2014,CHL,7.066875,17864192,70.16999817,87.31337015
Chile,2015,CHL,7.0903993,18047630,74.91000366,87.46533203
Chile,2016,CHL,7.102788,18267225,78.83000183,87.63062906
Chile,2017,CHL,6.9358673,18558868,78.93000031,87.80002958
Chile,2018,CHL,6.725559,18893185,81.76000214,87.96204938
Chile,2019,CHL,6.910745,19197748,83.98000336,88.12736856
Chile,2020,CHL,6.4279156,19370621,83.58000183,88.29534904
Chile,2021,CHL,6.1170154,19456323,88.09999847,88.46605117
Chile,2022,CHL,6.0102987,19553033,91.04000092,88.63953528
Chile,2023,CHL,5.403839,19658833,89.23000336,88.81586172
Chile,2024,CHL,5.2821336,19764774,88.62000275,88.99509085
Chile,2025,CHL,,19859919,88.5,
China,2000,CHN,4.160504,1269581174,1355.599976,36.43202347
China,2001,CHN,4.1308656,1278725061,1480.790039,37.65974426
China,2002,CHN,4.3518033,1286866835,1654.01001,39.08978271
China,2003,CHN,4.923224,1294517323,1910.579956,40.53023148
China,2004,CHN,5.253505,1302100316,2203.310059,41.76001358
China,2005,CHN,5.764417,1310027135,2500.26001,42.98999786
China,2006,CHN,6.2331123,1318054030,2865.719971,44.34300995
China,2007,CHN,6.5633135,1325813576,3281.540039,45.88924408
China,2008,CHN,6.9308395,1333821011,3495.76001,46.98950577
China,2009,CHN,7.184018,1342522717,3714.639893,48.34170532
China,2010,CHN,7.62744,1351561505,4207.160156,49.23402706
China,2011,CHN,8.345987,1360250658,4713.02002,51.83002853
China,2012,CHN,8.416323,1369520866,4987.540039,53.10031128
China,2013,CHN,8.4788885,1379008040,5431.629883,54.49000168
China,2014,CHN,8.421998,1387951970,5794.450195,55.75025558
China,2015,CHN,8.339434,1396134171,5814.580078,57.32978439
China,2016,CHN,8.10709,1404052628,6133.160156,58.83992386
China,2017,CHN,8.2294655,1412354730,6604.439941,60.24026871
China,2018,CHN,8.449486,1419008954,7166.140137,61.50019836
China,2019,CHN,8.656276,1423520357,7503.430176,62.70991516
China,2020,CHN,8.781991,1426106093,7779.069824,63.52342303
China,2021,CHN,9.084501,1426437269,8534.259766,64.72107697
China,2022,CHN,9.435246,1425179562,8848.709961,65.21763611
China,2023,CHN,9.79513,1422584930,9456.450195,65.5301448
China,2024,CHN,9.939262,1419321284,10086.87988,65.8946981
China,2025,CHN,,1416096093,10583.36035,
Colombia,2000,COL,4.7867937,39089939,42.81000137,74.34935702
Colombia,2001,COL,4.1622133,39709263,43.13999939,74.79383717
Colombia,2002,COL,5.2407174,40324684,44.70999908,75.19244436
Colombia,2003,COL,8.028163,40937426,46.20000076,75.53418286
Colombia,2004,COL,5.0797358,41543177,49.33000183,75.80805695
Colombia,2005,COL,4.1638517,42128978,49.93999863,76.0049389
Colombia,2006,COL,4.6889067,42691081,53.34000015,76.16191919
Colombia,2007,COL,4.786384,43235374,54.79000092,76.31440388
Colombia,2008,COL,4.2480373,43758805,55.47999954,76.45967618
Colombia,2009,COL,4.220222,44271543,56.75,76.59641458
Colombia,2010,COL,4.089981,44777325,60.22999954,76.72329757
Colombia,2011,COL,6.4011307,45259614,61.70000076,76.83900361
Colombia,2012,COL,10.43731,45715807,63.06000137,76.9422112
Colombia,2013,COL,7.1670055,46151583,73.51000214,77.03159882
Colombia,2014,COL,6.0411086,46565426,70.45999908,77.10584494
Colombia,2015,COL,5.4059086,46969938,77.97000122,77.16362805
Colombia,2016,COL,4.8899336,47437513,76.16999817,77.20362664
Colombia,2017,COL,6.4377317,48131076,78.47000122,77.22451917
Colombia,2018,COL,6.25642,49024463,78.20999908,77.28048166
Colombia,2019,COL,5.5208006,49907987,78.77999878,77.45955285
Colombia,2020,COL,4.82148,50629997,77.75,77.63825335
Colombia,2021,COL,4.890602,51188174,84.36000061,77.83395703
Colombia,2022,COL,4.585246,51737944,82.86000061,78.04646331
Colombia,2023,COL,4.5732226,52321152,86.58000183,78.27557158
Colombia,2024,COL,4.6946015,52886360,89.13999939,78.52108119
Colombia,2025,COL,,53425629,90.36000061,
Costa Rica,2000,CRI,3.8999646,3937737,6.860000134,59.0462379
Costa Rica,2001,CRI,3.873619,4008951,6.900000095,60.14276004
Costa Rica,2002,CRI,4.375642,4075710,7.420000076,61.27876336
Costa Rica,2003,CRI,4.128607,4138791,7.300000191,62.45180593
Costa Rica,2004,CRI,3.0493636,4200079,7.980000019,63.65960135
Costa Rica,2005,CRI,3.0638018,4261240,8.18999958,64.89986322
Costa Rica,2006,CRI,3.2354965,4321337,8.619999886,66.17030512
Costa Rica,2007,CRI,3.7188985,4380250,8.979999542,67.46864065
Costa Rica,2008,CRI,4.3895054,4440058,9.399999619,68.79258339
Costa Rica,2009,CRI,4.38217,4499788,9.239999771,70.13984695
Costa Rica,2010,CRI,3.9912617,4555965,9.510000229,71.5081449
Costa Rica,2011,CRI,3.5473547,4609834,9.75,72.84265867
Costa Rica,2012,CRI,3.5861676,4663930,10.10999966,73.38950207
Costa Rica,2013,CRI,3.7415822,4716153,10.18999958,73.94317762
Costa Rica,2014,CRI,3.4776256,4767126,10.17000008,74.48669632
Costa Rica,2015,CRI,3.8028774,4818045,10.77000046,75.01981958
Costa Rica,2016,CRI,3.6349242,4867003,10.85999966,75.54230881
Costa Rica,2017,CRI,3.6638198,4913177,11.27999973,76.05392543
Costa Rica,2018,CRI,3.283227,4957813,11.43999958,76.55443084
Costa Rica,2019,CRI,3.2043831,4999549,11.42000008,77.04358647
Costa Rica,2020,CRI,2.8442268,5034323,11.72000027,77.52115373
Costa Rica,2021,CRI,2.7750092,5059991,12.72999954,77.98689402
Costa Rica,2022,CRI,2.7324953,5081764,12.43999958,78.44056876
Costa Rica,2023,CRI,2.9040008,5105526,11.72000027,78.88193936
Costa Rica,2024,CRI,2.9205217,5129909,11,79.31076724
Costa Rica,2025,CRI,,5152949,12.81000042,
Croatia,2000,HRV,4.009792,4326105,11.21000004,55.68183193
Croatia,2001,HRV,4.093012,4301079,12.75,55.69138291
Croatia,2002,HRV,4.4084115,4305783,12.68999958,55.67454686
Croatia,2003,HRV,4.6467056,4306683,13.15999985,55.63869602
Croatia,2004,HRV,4.9794807,4310050,13.86999989,55.58908787
Croatia,2005,HRV,5.0258446,4313946,13.05000019,55.53072175
Croatia,2006,HRV,5.1471953,4315802,12.90999985,55.46859697
Croatia,2007,HRV,6.5072184,4315959,12.53999996,55.40771287
Croatia,2008,HRV,5.625444,4314635,12.77999973,55.35306878
Croatia,2009,HRV,5.2698283,4310537,13.35000038,55.30966403
Croatia,2010,HRV,4.985248,4301150,14.78999996,55.28249793
Croatia,2011,HRV,5.292676,4280827,11.22999954,55.27737933
Croatia,2012,HRV,7.0362105,4259233,10.56999969,55.30428886
Croatia,2013,HRV,5.4346266,4242403,13.93999958,55.36594797
Croatia,2014,HRV,5.418615,4219485,13.43000031,55.45918349
Croatia,2015,HRV,5.611076,4183732,11.23999977,55.58125945
Croatia,2016,HRV,5.3496284,4136438,12.60000038,55.72943986
Croatia,2017,HRV,5.540383,4079198,11.77000046,55.90098874
Croatia,2018,HRV,5.4447637,4024868,13.52000046,56.0931701
Croatia,2019,HRV,5.909035,3986338,12.64999962,56.30324796
Croatia,2020,HRV,5.496335,3953956,13.22999954,56.52848634
Croatia,2021,HRV,5.4643493,3924607,15.10999966,56.76835026
Croatia,2022,HRV,5.5184655,3907031,14.10000038,56.99775717
Croatia,2023,HRV,5.784373,3896023,17.44000053,57.24315607
Croatia,2024,HRV,5.7945905,3875325,15.28999996,57.51589817
Croatia,2025,HRV,,3848164,14.69999981,
Cyprus,2000,CYP,7.57337,947667,3.369999886,68.77269668
Cyprus,2001,CYP,7.235042,964129,3.549999952,68.80240681
Cyprus,2002,CYP,8.24788,981443,3.789999962,68.78635894
Cyprus,2003,CYP,8.335039,999600,4.050000191,68.71209732
Cyprus,2004,CYP,8.730651,1017875,4.199999809,68.59081414
Cyprus,2005,CYP,8.13823,1036156,4.380000114,68.43406742
Cyprus,2006,CYP,8.218066,1054424,4.650000095,68.25341517
Cyprus,2007,CYP,8.119054,1072727,4.869999886,68.0604154
Cyprus,2008,CYP,8.417925,1091029,5.070000172,67.86662613
Cyprus,2009,CYP,7.6505976,1109377,5.210000038,67.68360538
Cyprus,2010,CYP,7.5320263,1127826,5.329999924,67.52291116
Cyprus,2011,CYP,7.122683,1146493,4.920000076,67.39798928
Cyprus,2012,CYP,6.401313,1165403,4.71999979,67.30102891
Cyprus,2013,CYP,5.68626,1183899,4.289999962,67.21023336
Cyprus,2014,CYP,6.780235,1201806,4.340000153,67.12305588
Cyprus,2015,CYP,6.1357446,1219504,4.539999962,67.04024779
Cyprus,2016,CYP,6.846011,1237114,4.889999866,66.96256041
Cyprus,2017,CYP,7.0873337,1254274,5,66.89074506
Cyprus,2018,CYP,6.711197,1270743,5.059999943,66.82555305
Cyprus,2019,CYP,6.969747,1286669,5.150000095,66.76773571
Cyprus,2020,CYP,6.5804005,1302250,4.849999905,66.71804435
Cyprus,2021,CYP,6.6176724,1317311,5.119999886,66.67183654
Cyprus,2022,CYP,6.7444196,1331376,5.260000229,66.66948294
Cyprus,2023,CYP,6.9307976,1344981,5.329999924,66.67394775
Cyprus,2024,CYP,6.989144,1358287,5.789999962,66.68242592
Cyprus,2025,CYP,,1370754,5.909999847,
Czech Republic,2000,CZE,14.562798,10236809,72.90000153,74.00382565
Czech Republic,2001,CZE,13.906498,10231942,74.22000122,73.91317525
Czech Republic,2002,CZE,13.464695,10239474,76,73.83600676
Czech Republic,2003,CZE,13.81832,10248907,82.79000092,73.76491502
Czech Republic,2004,CZE,13.927337,10261453,83.79000092,73.69916472
Czech Republic,2005,CZE,13.593828,10280155,81.93000031,73.63755454
Czech Republic,2006,CZE,13.795614,10304592,83.66000366,73.57888319
Czech Republic,2007,CZE,13.992698,10337539,87.76999664,73.52194936
Czech Republic,2008,CZE,13.445666,10378298,83.27999878,73.46555174
Czech Republic,2009,CZE,12.62286,10420985,81.63999939,73.40848903
Czech Republic,2010,CZE,12.964781,10464035,85.22000122,73.34955992
Czech Republic,2011,CZE,12.8532505,10495508,86.63999939,73.28783384
Czech Republic,2012,CZE,12.5735235,10507339,86.58000183,73.22492396
Czech Republic,2013,CZE,12.206899,10511164,85.91000366,73.16221869
Czech Republic,2014,CZE,12.144978,10517223,84.98000336,73.0995921
Czech Republic,2015,CZE,12.517965,10524418,82.48999786,73.03704429
Czech Republic,2016,CZE,12.344278,10531946,82,72.97457534
Czech Republic,2017,CZE,12.066629,10541343,85.76000214,72.91218536
Czech Republic,2018,CZE,11.66415,10548934,86.83999634,72.84987444
Czech Republic,2019,CZE,11.011692,10554872,85.72000122,72.78764267
Czech Republic,2020,CZE,9.9083605,10550129,80.09999847,72.72549016
Czech Republic,2021,CZE,10.37015,10530683,83.66000366,72.68105944
Czech Republic,2022,CZE,9.975527,10673216,83.73000336,72.69676384
Czech Republic,2023,CZE,8.607144,10809722,75.80000305,72.73523884
Czech Republic,2024,CZE,7.865944,10735857,72.80999756,72.79479846
Czech Republic,2025,CZE,,10609241,75.5,
Denmark,2000,DNK,13.147242,5339659,35.84999847,85.09999847
Denmark,2001,DNK,13.288099,5358825,37.54000092,85.18830788
Denmark,2002,DNK,13.048924,5375967,39.09999847,85.30000305
Denmark,2003,DNK,14.018934,5390621,45.97000122,85.41999817
Denmark,2004,DNK,13.3749695,5404594,40.24000168,85.71302769
Denmark,2005,DNK,12.575658,5419550,36.08000183,86.00597068
Denmark,2006,DNK,13.707335,5437425,45.43999863,86.25012881
Denmark,2007,DNK,13.136428,5461604,39.13999939,86.42514644
Denmark,2008,DNK,12.357999,5493762,36.47999954,86.58313751
Denmark,2009,DNK,11.731096,5523169,36.25,86.76176531
Denmark,2010,DNK,12.422859,5547865,38.75,86.865242
Denmark,2011,DNK,10.852825,5570848,35.11000061,87.1567654
Denmark,2012,DNK,10.090063,5591911,30.56999969,87.23361969
Denmark,2013,DNK,10.691686,5615333,34.61000061,87.54365248
Denmark,2014,DNK,9.603664,5643795,32.04000092,87.68239857
Denmark,2015,DNK,9.321998,5683698,28.78000069,87.72540566
Denmark,2016,DNK,9.60358,5728196,30.39999962,87.69999695
Denmark,2017,DNK,9.281949,5765164,30.89999962,88.01619438
Denmark,2018,DNK,9.117635,5793824,30.20999908,88.10597623
Denmark,2019,DNK,8.444138,5814618,29.37000084,88.20964908
Denmark,2020,DNK,7.9674115,5831529,28.57999992,88.23944855
Denmark,2021,DNK,8.216041,5856774,32.91999817,88.26164493
Denmark,2022,DNK,7.9263983,5902901,35.15999985,88.38802398
Denmark,2023,DNK,7.841535,5948134,33.88999939,88.55263854
Denmark,2024,DNK,7.6854186,5977417,35.06000137,88.69605527
Denmark,2025,DNK,,6002515,33.29999924,
Estonia,2000,EST,11.037054,1397001,8.510000229,67.38552907
Estonia,2001,EST,10.832623,1388174,8.489999771,67.39264563
Estonia,2002,EST,12.271433,1379438,8.529999733,67.4090871
Estonia,2003,EST,12.6631775,1370849,10.15999985,67.43417603
Estonia,2004,EST,16.273813,1362682,10.31000042,67.46735145
Estonia,2005,EST,14.386972,1354847,10.19999981,67.50805236
Estonia,2006,EST,14.099479,1346885,9.729999542,67.55571775
Estonia,2007,EST,16.378475,1340709,12.18000031,67.60978664
Estonia,2008,EST,15.477289,1337078,10.57999992,67.66969802
Estonia,2009,EST,13.795679,1334528,8.779999733,67.7348909
Estonia,2010,EST,16.909615,1331450,12.97000027,67.80480429
Estonia,2011,EST,16.868443,1327366,12.89000034,67.87755563
Estonia,2012,EST,16.53657,1322615,11.96000004,67.96295933
Estonia,2013,EST,18.073927,1317920,13.27999973,68.09234583
Estonia,2014,EST,18.118221,1314457,12.44999981,68.26683828
Estonia,2015,EST,16.075323,1314580,10.14999962,68.47966097
Estonia,2016,EST,16.648096,1315850,12.17000008,68.72403818
Estonia,2017,EST,17.808355,1317430,13.15999985,68.99319419
Estonia,2018,EST,17.406176,1321972,12.36999989,69.28035329
Estonia,2019,EST,12.923767,1326822,7.610000134,69.57873977
Estonia,2020,EST,9.88439,1329675,6.079999924,69.88157789
Estonia,2021,EST,10.8116865,1331750,7.190000057,70.17772741
Estonia,2022,EST,11.92178,1350093,8.93999958,70.48923337
Estonia,2023,EST,9.491192,1367195,5.739999771,70.67700855
Estonia,2024,EST,8.905476,1360548,6.260000229,70.69811615
Estonia,2025,EST,,1344236,6.110000134,
Europe,2000,EUR,334.8575861,710384690,4215.710007,2242.273184
Europe,2001,EUR,341.7711767,711851147,4295.589988,2249.611807
Europe,2002,EUR,343.0405437,714118381,4331.050042,2255.315263
Europe,2003,EUR,354.0109815,716687688,4432.179962,2260.281987
Europe,2004,EUR,364.0059358,718858588,4523.419919,2265.510824
Europe,2005,EUR,358.2750392,721019156,4599.900025,2271.834319
Europe,2006,EUR,356.6831565,722909983,4688.889958,2278.246991
Europe,2007,EUR,365.5749788,725289593,4766.870024,2283.600661
Europe,2008,EUR,353.5371722,728258087,4809.369953,2290.075169
Europe,2009,EUR,331.1260228,730995096,4585.189991,2296.021079
Europe,2010,EUR,345.7729908,733507100,4780.620012,2302.528293
Europe,2011,EUR,333.1967013,735970716,4764.390008,2308.272865
Europe,2012,EUR,329.6476242,738359572,4805.390038,2314.582981
Europe,2013,EUR,320.3088449,740862695,4758.759932,2324.913454
Europe,2014,EUR,310.7047619,744013123,4704.649934,2336.232567
Europe,2015,EUR,314.373776,747974562,4764.880056,2347.616784
Europe,2016,EUR,312.0798161,751726788,4822.390021,2353.536936
Europe,2017,EUR,313.9718036,754927798,4875.500063,2359.904191
Europe,2018,EUR,310.7373331,757798648,4881.669949,2366.007634
Europe,2019,EUR,294.7767306,760152842,4841.720065,2372.737039
Europe,2020,EUR,269.9680762,761460640,4690.370018,2377.335299
Europe,2021,EUR,280.0587688,761860499,4905.229952,2382.972228
Europe,2022,EUR,271.5392306,764032286,4814.279964,2386.857217
Europe,2023,EUR,255.7817029,766295867,4741.929996,2391.175936
Europe,2024,EUR,252.8270181,766044393,4860.250094,2395.996125
Europe,2025,EUR,,764271850,4859.690041,
Finland,2000,FIN,17.333225,5176197,69.97000122,67.12276853
Finland,2001,FIN,18.65804,5187970,74.44999695,67.49823928
Finland,2002,FIN,19.392115,5200548,74.91999817,67.79516416
Finland,2003,FIN,21.02401,5212958,84.27999878,68.04255491
Finland,2004,FIN,20.407204,5228147,85.83999634,68.27665968
Finland,2005,FIN,18.105394,5246078,70.55999756,68.51405295
Finland,2006,FIN,20.051798,5266248,82.29000092,68.75882798
Finland,2007,FIN,19.987242,5288715,81.16999817,69.02003773
Finland,2008,FIN,18.248224,5313379,77.34999847,69.29436722
Finland,2009,FIN,17.01244,5338854,72.05999756,69.54625997
Finland,2010,FIN,18.881893,5363347,80.63999939,69.78557988
Finland,2011,FIN,17.206057,5388236,73.5,70.05832619
Finland,2012,FIN,16.20722,5413978,70.41000366,70.36613632
Finland,2013,FIN,16.35987,5439057,71.26000214,70.67421182
Finland,2014,FIN,15.762426,5461686,68.09999847,70.98791689
Finland,2015,FIN,15.298284,5479719,68.61000061,71.305493
Finland,2016,FIN,16.126175,5495468,68.75,71.61583834
Finland,2017,FIN,16.141853,5508398,67.51999664,71.95630383
Finland,2018,FIN,16.736113,5515730,70.23000336,72.34234677
Finland,2019,FIN,16.441055,5521754,68.61000061,72.74312144
Finland,2020,FIN,15.491787,5529616,69.23999786,73.08494398
Finland,2021,FIN,16.21954,5541069,72.11000061,73.37102158
Finland,2022,FIN,16.166605,5569300,72.16999817,73.69675978
Finland,2023,FIN,15.680034,5601185,81.51999664,74.00625486
Finland,2024,FIN,15.657763,5617311,82.55000305,74.26371905
Finland,2025,FIN,,5623328,82.30000305,
France,2000,FRA,8.121734,59483716,532.5599976,76.51439831
France,2001,FRA,7.9898934,59905131,542.5999756,76.90744136
France,2002,FRA,7.8079276,60327247,551.2399902,77.25438666
France,2003,FRA,7.849571,60741119,559.1300049,77.4691216
France,2004,FRA,7.8124804,61175244,566.2999878,77.49005
France,2005,FRA,7.755881,61625031,569.1400146,77.43633151
France,2006,FRA,7.5173883,62049831,567.2999878,77.34672401
France,2007,FRA,7.3349915,62432438,561.8400269,77.24579766
France,2008,FRA,7.204968,62780187,566.9799805,77.15619016
France,2009,FRA,6.863278,63106460,528.8699951,77.10053918
France,2010,FRA,6.9843516,63417366,562.3599854,77.09628448
France,2011,FRA,6.5553303,63733776,567.6500244,77.11827174
France,2012,FRA,6.648448,64058465,567.5800171,77.16694649
France,2013,FRA,6.7202945,64387736,576.75,77.24407215
France,2014,FRA,6.212733,64692495,566.3099976,77.35242968
France,2015,FRA,6.2800193,64916337,574.1400146,77.76109192
France,2016,FRA,6.3334684,65086853,558.8400269,78.59991147
France,2017,FRA,6.5546746,65284775,555.7399902,78.6467804
France,2018,FRA,6.093496,65519537,576.2399902,78.67144325
France,2019,FRA,6.2848086,65729460,565.5200195,78.68907845
France,2020,FRA,5.51999,65905273,527.25,78.71191318
France,2021,FRA,5.8653336,66083547,550.3099976,78.73646034
France,2022,FRA,5.5796227,66277412,468.4500122,78.75919211
France,2023,FRA,5.194772,66438828,518.75,78.78043231
France,2024,FRA,5.077144,66548532,561.7800293,78.7999751
France,2025,FRA,,66650804,569.9799805,
Germany,2000,DEU,12.742614,81797255,568.9500122,80.09421609
Germany,2001,DEU,12.85437,81933882,578.9400024,80.10708083
Germany,2002,DEU,12.600259,82068328,583.7600098,80.12139738
Germany,2003,DEU,12.512374,82111619,602.0300293,80.13731163
Germany,2004,DEU,12.269499,82092706,609.5999756,80.15496949
Germany,2005,DEU,12.118547,82046733,613.3400269,80.17451685
Germany,2006,DEU,12.363325,81701971,630.2000122,80.19609961
Germany,2007,DEU,11.963945,81298546,631.0999756,80.21986366
Germany,2008,DEU,12.06988,81110780,632.289978,80.24595491
Germany,2009,DEU,11.191726,80935276,587.960022,80.27451924
Germany,2010,DEU,11.682602,80830916,624.210022,80.30570256
Germany,2011,DEU,11.341653,80857877,605,80.34057629
Germany,2012,DEU,11.473138,80916391,619.8099976,80.39344752
Germany,2013,DEU,11.674936,81041581,629.6900024,80.47323184
Germany,2014,DEU,11.129788,81376078,618.75,80.57574024
Germany,2015,DEU,11.100986,82077546,639.1699829,80.69743716
Germany,2016,DEU,10.961531,82760102,641.5200195,80.83478707
Germany,2017,DEU,10.728351,83104010,644.460022,80.9842544
Germany,2018,DEU,10.306224,83368507,632.2800293,81.14230362
Germany,2019,DEU,9.669801,83559184,600.0900269,81.30539917
Germany,2020,DEU,8.894269,83628711,566.75,81.4700055
Germany,2021,DEU,9.256749,83697080,578.8300171,81.63258707
Germany,2022,DEU,9.035898,84086227,566.8800049,81.78678528
Germany,2023,DEU,8.084843,84548233,506.7200012,81.90343667
Germany,2024,DEU,7.8017473,84552234,495.9899902,82.02114326
Germany,2025,DEU,,84075075,500.4700012,
Greece,2000,GRC,11.242639,10782638,52.93999863,72.66564291
Greece,2001,GRC,11.2908945,10843166,52.54000092,72.84607038
Greece,2002,GRC,11.22005,10890287,53.36000061,73.09771096
Greece,2003,GRC,11.473679,10918467,57.27999878,73.43226802
Greece,2004,GRC,11.542595,10947369,58.22000122,73.82676029
Greece,2005,GRC,11.836353,10981340,58.72999954,74.26173767
Greece,2006,GRC,11.63477,11016107,59.40999985,74.71775006
Greece,2007,GRC,11.844823,11045737,62.40000153,75.17534735
Greece,2008,GRC,11.481391,11076874,62.18000031,75.61507946
Greece,2009,GRC,10.865746,11108067,60.34000015,76.01749627
Greece,2010,GRC,10.1304865,11124666,56.61000061,76.3631477
Greece,2011,GRC,9.850415,11108838,58.45000076,76.63526099
Greece,2012,GRC,9.551215,11048291,59.90999985,76.86797974
Greece,2013,GRC,8.29882,10967534,56.36999893,77.09519997
Greece,2014,GRC,8.128457,10893169,49.61999893,77.31304863
Greece,2015,GRC,7.643419,10820902,51.04999924,77.51944263
Greece,2016,GRC,7.169274,10775506,53.84000015,77.71229888
Greece,2017,GRC,7.4676604,10753532,54.79999924,77.88953426
Greece,2018,GRC,8.196105,10730846,52.61000061,78.04906568
Greece,2019,GRC,6.54465,10718581,47.95000076,78.18881005
Greece,2020,GRC,5.7839236,10699370,47.50999832,78.30668425
Greece,2021,GRC,5.996829,10579561,54.24000168,78.38848986
Greece,2022,GRC,5.987471,10412481,51.66999817,78.5502191
Greece,2023,GRC,5.4645767,10242910,48.93000031,78.77463038
Greece,2024,GRC,5.651658,10047813,57.08000183,78.99678565
Greece,2025,GRC,,9938847,58.27000046,
Hungary,2000,HUN,7.150676,10190598,35.18999863,64.26023444
Hungary,2001,HUN,7.292206,10166693,36.41999817,64.64688028
Hungary,2002,HUN,7.208946,10138461,36.15000153,65.04000092
Hungary,2003,HUN,7.54164,10108970,34.13000107,64.84529877
Hungary,2004,HUN,7.425853,10085788,33.70999908,65.02253723
Hungary,2005,HUN,7.453205,10065703,35.75,66.12613678
Hungary,2006,HUN,7.411686,10049946,35.84999847,67.01558685
Hungary,2007,HUN,7.2746553,10034084,39.95999908,67.00416565
Hungary,2008,HUN,7.0797706,10016653,40.02000046,68.09769861
Hungary,2009,HUN,6.1942024,10001381,35.90999985,68.45925903
Hungary,2010,HUN,6.207316,9979128,37.36000061,69.5305481
Hungary,2011,HUN,6.114889,9946675,36.02000046,69.47799341
Hungary,2012,HUN,5.7072706,9916621,34.61999893,69.57723267
Hungary,2013,HUN,5.504764,9889344,30.27000046,69.92776363
Hungary,2014,HUN,5.556378,9862843,29.38999939,70.30710535
Hungary,2015,HUN,5.94119,9839211,30.32999992,70.48477173
Hungary,2016,HUN,6.0324554,9810529,31.87999916,70.47338104
Hungary,2017,HUN,6.2529964,9785608,32.91999817,70.45425415
Hungary,2018,HUN,6.2406054,9774395,32.04999924,70.47117615
Hungary,2019,HUN,5.7884297,9770346,34.27999878,70.45652771
Hungary,2020,HUN,6.1365004,9749459,34.91999817,70.29173279
Hungary,2021,HUN,6.1973343,9707848,36.09999847,70.20592753
Hungary,2022,HUN,5.5893598,9684308,35.77999878,70.15850642
Hungary,2023,HUN,5.022878,9686465,35.54000092,70.29230269
Hungary,2024,HUN,4.90974,9676135,38,70.49182594
Hungary,2025,HUN,,9632286,40.24000168,
Iceland,2000,ISL,14.890208,281293,7.610000134,91.9674192
Iceland,2001,ISL,14.351571,285058,7.960000038,92.04523046
Iceland,2002,ISL,14.639382,287609,8.350000381,92.16740226
Iceland,2003,ISL,14.444048,289616,8.43999958,92.32355593
Iceland,2004,ISL,14.741793,292172,8.539999962,92.43772934
Iceland,2005,ISL,14.387255,296852,8.609999657,92.37744102
Iceland,2006,ISL,14.459282,303883,9.850000381,92.1949009
Iceland,2007,ISL,15.1470995,311662,11.89000034,92.36145717
Iceland,2008,ISL,15.930836,317519,16.34000015,93.06464422
Iceland,2009,ISL,15.357508,318619,16.70999908,93.44413406
Iceland,2010,ISL,17.672693,318163,16.73999977,93.45883481
Iceland,2011,ISL,14.726578,319139,16.85000038,93.41106112
Iceland,2012,ISL,14.743044,320851,17.29000092,93.51489258
Iceland,2013,ISL,14.437352,323891,17.98999977,93.61667252
Iceland,2014,ISL,14.263431,327517,17.79999924,93.61967163
Iceland,2015,ISL,14.517785,330962,18.54999924,93.72791977
Iceland,2016,ISL,14.23291,335571,18.17000008,93.78226471
Iceland,2017,ISL,14.464961,343537,19.06999969,93.77189823
Iceland,2018,ISL,14.221003,352860,19.69000053,93.8526667
Iceland,2019,ISL,13.529562,360709,19.36000061,93.97708474
Iceland,2020,ISL,12.588713,366626,18.88999939,94.13671029
Iceland,2021,ISL,12.798046,372647,19.38999939,94.21082064
Iceland,2022,ISL,12.835325,380368,19.87000084,94.17870712
Iceland,2023,ISL,12.322463,387559,19.80999947,94.15182618
Iceland,2024,ISL,12.853874,393404,19.04999924,94.18190399
India,2000,IND,1.8960602,1057922731,571.3900146,27.64704075
India,2001,IND,1.8557158,1077898579,586.0900269,27.90286521
India,2002,IND,1.8167312,1097600380,609.6400146,28.17568789
India,2003,IND,1.844153,1116803000,638.1300049,28.46602877
India,2004,IND,1.8743116,1135991509,698.3200073,28.77260672
India,2005,IND,1.9099836,1154676321,704.5200195,29.09454972
India,2006,IND,1.9819561,1172878888,744.4299927,29.43098571
India,2007,IND,2.0876157,1190676028,796.2600098,29.78104268
India,2008,IND,2.1866574,1207930960,828.4099731,30.14384859
India,2009,IND,2.2341857,1225524764,878.6300049,30.5185314
India,2010,IND,2.290449,1243481565,936.3900146,30.90421908
India,2011,IND,2.3392677,1261224956,1032.319946,31.27465029
India,2012,IND,2.474445,1278674501,1088.420044,31.58989356
India,2013,IND,2.411407,1295829507,1141.22998,31.90967892
India,2014,IND,2.4513626,1312277184,1258.680054,32.22882334
India,2015,IND,2.4776824,1328024494,1310.560059,32.547299
India,2016,IND,2.503832,1343944296,1394.930054,32.8650781
India,2017,IND,2.5123892,1359657398,1462.390015,33.18213282
India,2018,IND,2.630617,1374659067,1571.650024,33.49843535
India,2019,IND,2.601096,1389030307,1600.97998,33.81395788
India,2020,IND,2.4500115,1402617694,1563.430054,34.12867261
India,2021,IND,2.614627,1414203896,1678.719971,34.44255172
India,2022,IND,2.71498,1425423209,1804.609985,34.7555674
India,2023,IND,2.8659418,1438069597,1918.26001,35.06769184
India,2024,IND,2.9376976,1450935785,2036.52002,35.37889724
India,2025,IND,,1463865527,2081.600098,
Indonesia,2000,IDN,5.7882543,216077789,98.04000092,41.98615406
Indonesia,2001,IDN,5.3314123,219097905,106.1600037,42.90188952
Indonesia,2002,IDN,6.6742363,222088499,113.0400009,43.7824069
Indonesia,2003,IDN,5.1621323,225048005,117.3899994,44.63017615
Indonesia,2004,IDN,5.6513157,227926649,124.7799988,45.44767364
Indonesia,2005,IDN,5.273864,230871648,132.8899994,46.23737576
Indonesia,2006,IDN,7.9459968,233951650,138,47.00175887
Indonesia,2007,IDN,5.7205143,237062338,148.3999939,47.74329936
Indonesia,2008,IDN,6.1758027,240157902,155.8999939,48.4644736
Indonesia,2009,IDN,7.6273103,243220024,162.8699951,49.16775798
Indonesia,2010,IDN,6.6950216,246305327,177.5599976,49.85213751
Indonesia,2011,IDN,7.342454,249470029,191.8800049,50.48300171
Indonesia,2012,IDN,7.6157236,252698525,208.9600067,51.15939331
Indonesia,2013,IDN,7.7325153,255852464,225.1799927,51.83074951
Indonesia,2014,IDN,8.282384,258877395,237.5399933,52.50021362
Indonesia,2015,IDN,10.010642,261799249,243.2799988,53.17207718
Indonesia,2016,IDN,6.6165133,264627429,257.5499878,53.81255722
Indonesia,2017,IDN,6.4529076,267346654,265.8299866,54.45410156
Indonesia,2018,IDN,6.7168303,269951847,283.7900085,55.09568405
Indonesia,2019,IDN,7.7577305,272489381,295.4400024,55.73820496
Indonesia,2020,IDN,6.278523,274814861,291.8200073,56.27852876
Indonesia,2021,IDN,6.3736067,276758056,309.3599854,56.87617025
Indonesia,2022,IDN,6.499261,278830527,333.5400085,57.49347042
Indonesia,2023,IDN,6.9022613,281190068,350.6000061,58.11793534
Indonesia,2024,IDN,6.711167,283487933,371.5400085,58.75096354
Ireland,2000,IRL,21.459875,3802589,23.62999916,59.12479979
Ireland,2001,IRL,22.156181,3862981,24.59000015,59.37639236
Ireland,2002,IRL,21.151129,3928441,24.79999924,59.636726
Ireland,2003,IRL,20.478779,3992935,24.82999992,59.91201426
Ireland,2004,IRL,19.860088,4066066,25.20000076,60.19947509
Ireland,2005,IRL,19.692581,4155283,25.60000038,60.4882988
Ireland,2006,IRL,18.862724,4268775,27.10000038,60.77036774
Ireland,2007,IRL,21.12914,4393518,28.36000061,61.06019794
Ireland,2008,IRL,18.682592,4485992,29.93000031,61.35819039
Ireland,2009,IRL,16.87769,4533750,27.97999954,61.64210227
Ireland,2010,IRL,16.159246,4559084,28.15999985,61.89106893
Ireland,2011,IRL,15.186555,4579603,27.20000076,62.08727358
Ireland,2012,IRL,15.001728,4600135,27.15999985,62.25293185
Ireland,2013,IRL,14.529098,4624686,25.62000084,62.40471578
Ireland,2014,IRL,14.203409,4658236,25.86000061,62.53540173
Ireland,2015,IRL,14.8803625,4702497,28.15999985,62.63921235
Ireland,2016,IRL,15.395819,4753506,30.29999924,62.72293991
Ireland,2017,IRL,14.964099,4810258,30.79000092,62.90351965
Ireland,2018,IRL,14.232858,4872559,31.04000092,63.08445035
Ireland,2019,IRL,13.532323,4933493,30.87000084,63.27370092
Ireland,2020,IRL,12.625786,4982602,32.15999985,63.47133667
Ireland,2021,IRL,13.176505,5028428,31.73999977,63.67742294
Ireland,2022,IRL,12.538186,5110015,33.79000092,63.89202502
Ireland,2023,IRL,11.646695,5196629,31.54999924,64.11520825
Ireland,2024,IRL,11.456779,5255016,31.07999992,64.34703793
Ireland,2025,IRL,,5308035,30.95000076,
Israel,2000,ISR,11.083878,6111194,42.65999985,91.28096532
Israel,2001,ISR,11.4369545,6259977,43.95000076,91.36502184
Israel,2002,ISR,10.633005,6387714,45.5,91.44449672
Israel,2003,ISR,10.879233,6502821,47.04000092,91.51768978
Israel,2004,ISR,10.1426525,6615084,47.27999878,91.58290081
Israel,2005,ISR,9.612484,6728212,48.61000061,91.63842963
Israel,2006,ISR,10.34736,6844029,50.56000137,91.68257604
Israel,2007,ISR,10.290263,6962456,53.79000092,91.71363984
Israel,2008,ISR,10.8239565,7082621,56.79000092,91.72928689
Israel,2009,ISR,10.033542,7206096,54.72999954,91.73197386
Israel,2010,ISR,10.515125,7336735,58.54999924,91.73164267
Israel,2011,ISR,10.438265,7471023,59.59999847,91.73040247
Israel,2012,ISR,11.065605,7607781,63.00999832,91.72765028
Israel,2013,ISR,9.427901,7749369,61.31999969,91.72278315
Israel,2014,ISR,8.867638,7897173,60.86000061,91.71519809
Israel,2015,ISR,9.033022,8052916,64.23000336,91.70429216
Israel,2016,ISR,8.957923,8210006,67.01000214,91.68946236
Israel,2017,ISR,8.411858,8361796,67.44000244,91.67010575
Israel,2018,ISR,8.349924,8510067,69.01999664,91.64561935
Israel,2019,ISR,8.066496,8657466,72.70999908,91.6154002
Israel,2020,ISR,7.9684386,8800380,72.73999786,91.57884532
Israel,2021,ISR,7.823769,8942925,74.12000275,91.53535175
Israel,2022,ISR,8.066577,9103143,76.87000275,91.49798343
Israel,2023,ISR,7.205275,9256311,77.43000031,91.50895698
Israel,2024,ISR,6.8340044,9387015,80.40000153,91.53618884
Israel,2025,ISR,,9517182,82.09999847,
Italy,2000,ITA,9.402106,57272200,269.9400024,67.19322838
Italy,2001,ITA,9.250894,57305760,271.8999939,67.27519882
Italy,2002,ITA,9.308568,57420636,277.5299988,67.35387866
Italy,2003,ITA,9.62052,57739697,286.269989,67.42994146
Italy,2004,ITA,9.567769,58176736,293.7099915,67.50724997
Italy,2005,ITA,9.472052,58519696,294.6300049,67.58971693
Italy,2006,ITA,9.205094,58754434,305.6099854,67.68125507
Italy,2007,ITA,9.3202,59108723,306.1700134,67.78577713
Italy,2008,ITA,8.872359,59561687,311.5700073,67.90719584
Italy,2009,ITA,8.009364,59904016,286.3599854,68.04942395
Italy,2010,ITA,8.05067,60164212,296.6300049,68.21637418
Italy,2011,ITA,7.8863745,60367882,298.3699951,68.40150739
Italy,2012,ITA,7.3428707,60531522,295.25,68.76087942
Italy,2013,ITA,6.800164,60653864,286.019989,69.30739899
Italy,2014,ITA,6.4135337,60664169,276.5299988,69.58076386
Italy,2015,ITA,6.6676574,60575314,279.7000122,69.61000061
Italy,2016,ITA,6.649139,60478103,285.9500122,69.59692325
Italy,2017,ITA,6.5399985,60390317,292.0899963,69.51807843
Italy,2018,ITA,6.7827578,60277496,286.0599976,69.48000336
Italy,2019,ITA,6.554735,60130136,289.9899902,69.50500107
Italy,2020,ITA,5.8636355,59912763,276.8099976,69.51874924
Italy,2021,ITA,6.6672764,59729353,285.4899902,69.48125076
Italy,2022,ITA,6.6759105,59619106,280.1700134,69.48397798
Italy,2023,ITA,6.1794767,59499452,261.5499878,69.53815401
Italy,2024,ITA,5.9985695,59342870,267.5599976,69.60475351
Italy,2025,ITA,,59146263,264.7000122,
Japan,2000,JPN,10.398433,127027794,1099.670044,78.61268033
Japan,2001,JPN,10.186769,127260144,1083.140015,79.15774821
Japan,2002,JPN,10.358605,127484599,1103.069946,80.54698607
Japan,2003,JPN,10.396667,127671254,1092.589966,82.42067784
Japan,2004,JPN,10.329192,127815769,1121.189941,84.37105419
Japan,2005,JPN,10.3974285,127913331,1153.069946,85.95736205
Japan,2006,JPN,10.183156,127997247,1164.349976,87.1460899
Japan,2007,JPN,10.475248,128087683,1180.109985,88.27014045
Japan,2008,JPN,9.903308,128155992,1183.699951,89.29215638
Japan,2009,JPN,9.309806,128192471,1114.02002,90.11311587
Japan,2010,JPN,9.718965,128185273,1156.040039,90.62285868
Japan,2011,JPN,10.173476,128096430,1104.199951,90.86316544
Japan,2012,JPN,10.512047,127928283,1106.880005,91.02652773
Japan,2013,JPN,10.577604,127723642,1087.76001,91.15165957
Japan,2014,JPN,10.198058,127486601,1062.719971,91.25489451
Japan,2015,JPN,9.897274,127275868,1030.119995,91.35326441
Japan,2016,JPN,9.746991,127159950,1063.699951,91.45412549
Japan,2017,JPN,9.668892,127064686,1076.859985,91.54984197
Japan,2018,JPN,9.324918,126913432,1082.930054,91.63773186
Japan,2019,JPN,9.016868,126699421,1047.400024,91.71642079
Japan,2020,JPN,8.555534,126304533,1011.030029,91.78099263
Japan,2021,JPN,8.794621,125679342,1034.670044,91.87410493
Japan,2022,JPN,8.623074,124997585,1040.569946,91.97765324
Japan,2023,JPN,8.296482,124370947,1006.72998,92.08269039
Japan,2024,JPN,8.13846,123753041,1016.390015,92.1901718
Japan,2025,JPN,,123103480,1029.859985,
Jordan,2000,JOR,3.4345114,5386945,7.369999886,78.28482475
Jordan,2001,JOR,3.487691,5498900,7.539999962,78.29023653
Jordan,2002,JOR,3.589188,5616077,8.119999886,78.29729189
Jordan,2003,JOR,3.7386088,5741837,8.029999733,78.30694203
Jordan,2004,JOR,3.889736,5882066,8.960000038,78.31853504
Jordan,2005,JOR,4.1426115,6029597,9.649999619,78.41212623
Jordan,2006,JOR,3.8156111,6427377,11.11999989,78.75561257
Jordan,2007,JOR,3.8228085,6827235,12.82999992,79.33582707
Jordan,2008,JOR,3.8107631,6989874,14.14999962,80.12909662
Jordan,2009,JOR,3.7154527,7141763,14.27999973,81.1117481
Jordan,2010,JOR,3.584273,7297046,14.77999973,82.26010839
Jordan,2011,JOR,3.701512,7480431,14.64000034,83.55050438
Jordan,2012,JOR,4.01671,7587133,16.59000015,84.95926296
Jordan,2013,JOR,3.8182545,7991812,17.26000023,86.46271102
Jordan,2014,JOR,3.7139928,8791715,18.27000046,88.03717543
Jordan,2015,JOR,3.4173057,9544730,19.05999947,89.88813919
Jordan,2016,JOR,3.146006,10006369,19.67000008,90.56272795
Jordan,2017,JOR,3.221494,10234227,20.78000069,90.87646097
Jordan,2018,JOR,3.1132438,10462310,20.37000084,91.20088591
Jordan,2019,JOR,2.9527307,10671893,20.53000069,91.51596649
Jordan,2020,JOR,2.5304263,10865232,20.70000076,91.8216723
Jordan,2021,JOR,2.6007233,11066356,21.36000061,92.11797291
Jordan,2022,JOR,2.6670299,11256269,22.56999969,92.40483791
Jordan,2023,JOR,2.6952643,11439220,23.77000046,92.68223687
Jordan,2024,JOR,2.6863666,11552885,23.67000008,92.95013938
Korea,2000,KOR,10.2669935,46766660,290.4500122,79.57996075
Korea,2001,KOR,10.514741,47043467,309.8800049,79.87877044
Korea,2002,KOR,10.774789,47299118,332.0100098,80.27662945
Korea,2003,KOR,10.920726,47514158,347.769989,80.70779351
Korea,2004,KOR,11.034721,47697076,368.019989,81.10438678
Korea,2005,KOR,11.155869,47851646,389.4700012,81.39013523
Korea,2006,KOR,11.203563,48006518,402.9899902,81.56646211
Korea,2007,KOR,11.547745,48178122,425.4100037,81.7121258
Korea,2008,KOR,11.6683855,48356485,442.6099854,81.83508331
Korea,2009,KOR,11.752644,48546690,452.4500122,81.92450451
Korea,2010,KOR,12.869081,48769329,495.0299988,81.9685076
Korea,2011,KOR,13.46409,49127640,518.1599731,81.96154081
Korea,2012,KOR,13.346605,49599580,531.210022,81.90878982
Korea,2013,KOR,13.33527,50071168,537.1599731,81.82693835
Korea,2014,KOR,13.163002,50539055,540.3800049,81.73156828
Korea,2015,KOR,13.1659775,50983909,547.7999878,81.63948986
Korea,2016,KOR,13.139617,51297836,560.9799805,81.55592418
Korea,2017,KOR,13.432948,51486268,576.4099731,81.47103043
Korea,2018,KOR,13.730572,51640894,592.9099731,81.3823523
Korea,2019,KOR,13.194754,51767844,586.7999878,81.29010635
Korea,2020,KOR,12.276657,51858481,577.1099854,81.17595956
Korea,2021,KOR,12.679795,51848401,607.7600098,81.16165265
Korea,2022,KOR,12.583066,51782515,622.5900269,81.16249416
Korea,2023,KOR,12.230706,51748744,617.4899902,81.16455517
Korea,2024,KOR,12.192497,51717587,625.3800049,81.16825285
Korea,2025,KOR,,51667035,624.6599731,
Latvia,2000,LVA,2.282909,2368320,4.139999866,68.05205614
Latvia,2001,LVA,2.9830196,2338299,4.269999981,68.01636605
Latvia,2002,LVA,2.9480476,2311358,3.970000029,67.98134507
Latvia,2003,LVA,4.502717,2288983,3.970000029,67.94938405
Latvia,2004,LVA,6.6058702,2264179,4.690000057,67.92067028
Latvia,2005,LVA,7.824294,2239787,4.920000076,67.89539106
Latvia,2006,LVA,6.294036,2219039,4.889999866,67.87373366
Latvia,2007,LVA,6.10137,2200774,4.760000229,67.85588539
Latvia,2008,LVA,5.822376,2177710,5.269999981,67.84203352
Latvia,2009,LVA,5.531889,2142044,5.570000172,67.83236535
Latvia,2010,LVA,6.2597723,2097834,6.630000114,67.82706818
Latvia,2011,LVA,6.462929,2059940,6.090000153,67.8266897
Latvia,2012,LVA,7.0110254,2034639,6.170000076,67.83316389
Latvia,2013,LVA,6.5237927,2013004,6.199999809,67.84733448
Latvia,2014,LVA,6.736447,1994153,5.139999866,67.86860354
Latvia,2015,LVA,7.9012685,1977874,5.539999962,67.89653957
Latvia,2016,LVA,7.1585083,1959863,6.420000076,67.93071109
Latvia,2017,LVA,7.1656175,1942599,7.53000021,67.97068661
Latvia,2018,LVA,7.8792377,1927586,6.71999979,68.01603464
Latvia,2019,LVA,7.6415896,1914267,6.440000057,68.06632369
Latvia,2020,LVA,7.376175,1901119,5.71999979,68.12112229
Latvia,2021,LVA,7.2782493,1885593,5.849999905,68.18087915
Latvia,2022,LVA,7.261856,1881059,5.03000021,68.25702181
Latvia,2023,LVA,7.3828692,1882399,6.380000114,68.35863163
Latvia,2024,LVA,7.404507,1871874,6.329999924,68.48394926
Latvia,2025,LVA,,1853560,6.269999981,
Lithuania,2000,LTU,0.9737389,3500410,11.13000011,66.97683748
Lithuania,2001,LTU,3.12326,3473008,14.35999966,66.92860975
Lithuania,2002,LTU,2.8814695,3444051,17.29000092,66.88871002
Lithuania,2003,LTU,4.0612216,3415276,18.81999969,66.75966644
Lithuania,2004,LTU,7.0539308,3376703,18.75,66.60225677
Lithuania,2005,LTU,6.044163,3322264,14.42000008,66.57849121
Lithuania,2006,LTU,5.7406297,3269809,12.06999969,66.63815308
Lithuania,2007,LTU,6.6602235,3231378,13.46000004,66.71849823
Lithuania,2008,LTU,7.706782,3198482,13.32999992,66.7527771
Lithuania,2009,LTU,7.2918234,3163255,14.64000034,66.78166199
Lithuania,2010,LTU,7.882605,3097721,5,66.77128601
Lithuania,2011,LTU,8.577092,3028642,4.25,66.75183401
Lithuania,2012,LTU,8.966425,2988334,4.5,66.85367584
Lithuania,2013,LTU,8.978904,2958359,4.190000057,67.00920868
Lithuania,2014,LTU,7.8858285,2933171,3.690000057,67.15149376
Lithuania,2015,LTU,8.346276,2905771,4.230000019,67.2282486
Lithuania,2016,LTU,7.993092,2869109,3.630000114,67.18942261
Lithuania,2017,LTU,8.437925,2829317,3.559999943,67.10129547
Lithuania,2018,LTU,9.148461,2802485,2.920000076,67.1464742
Lithuania,2019,LTU,8.820782,2795057,3.339999914,67.24573517
Lithuania,2020,LTU,8.604642,2795766,4.699999809,67.42546082
Lithuania,2021,LTU,8.541605,2794490,4.300000191,68.1912117
Lithuania,2022,LTU,8.039239,2816923,4.039999962,68.28664524
Lithuania,2023,LTU,7.7618976,2854104,5.300000191,68.57545458
Lithuania,2024,LTU,7.6165133,2859112,7.389999866,68.82858333
Lithuania,2025,LTU,,2830150,8.890000343,
Luxembourg,2000,LUX,22.655863,436142,0.400000006,84.41821552
Luxembourg,2001,LUX,23.390553,441754,0.870000005,84.81732541
Luxembourg,2002,LUX,24.78571,446392,2.799999952,85.20342565
Luxembourg,2003,LUX,25.483948,451845,2.789999962,85.59062951
Luxembourg,2004,LUX,28.082796,458305,3.369999886,85.97990972
Luxembourg,2005,LUX,28.176489,465369,3.349999905,86.37356491
Luxembourg,2006,LUX,27.541542,472869,3.539999962,86.77389368
Luxembourg,2007,LUX,25.852715,480277,3.190000057,87.18319465
Luxembourg,2008,LUX,24.97084,488995,2.720000029,87.60376642
Luxembourg,2009,LUX,23.405407,498196,3.150000095,88.0379076
Luxembourg,2010,LUX,24.208204,507418,3.24000001,88.48791682
Luxembourg,2011,LUX,23.436344,518583,2.640000105,88.95628148
Luxembourg,2012,LUX,22.401007,530951,2.75999999,89.4405768
Luxembourg,2013,LUX,20.968025,543358,1.840000033,89.94137467
Luxembourg,2014,LUX,19.523592,556285,1.909999967,90.45778077
Luxembourg,2015,LUX,18.145311,569540,1.340000033,90.98936794
Luxembourg,2016,LUX,17.356775,583511,0.790000021,91.53570901
Luxembourg,2017,LUX,17.272379,596506,0.899999976,92.09637681
Luxembourg,2018,LUX,17.3876,608109,0.959999979,92.67094419
Luxembourg,2019,LUX,17.416641,620167,1.070000052,93.25898397
Luxembourg,2020,LUX,14.402449,630597,1.220000029,93.860069
Luxembourg,2021,LUX,14.675896,640276,1.230000019,94.58617434
Luxembourg,2022,LUX,12.558581,653315,1.210000038,94.76054009
Luxembourg,2023,LUX,11.682851,665101,1.409999967,94.80153003
Luxembourg,2024,LUX,11.798287,673042,1.50999999,94.84387029
Luxembourg,2025,LUX,,680454,1.539999962,
Malaysia,2000,MYS,10.226903,22967817,69.90000153,61.96945645
Malaysia,2001,MYS,11.28482,23526535,75.77999878,63.01808777
Malaysia,2002,MYS,11.518634,24102477,80.87000275,64.05636847
Malaysia,2003,MYS,11.228907,24679604,83.30999756,65.07509329
Malaysia,2004,MYS,11.721433,25256773,96.05999756,66.06478891
Malaysia,2005,MYS,11.474003,25836075,98.75,67.01598202
Malaysia,2006,MYS,11.611814,26417909,103.9899979,67.91919928
Malaysia,2007,MYS,12.067561,26998383,108.5500031,68.76496739
Malaysia,2008,MYS,13.073788,27570052,113.8300018,69.54381301
Malaysia,2009,MYS,13.976342,28124779,116.1100006,70.24626284
Malaysia,2010,MYS,13.47441,28655772,125.0400009,70.86253148
Malaysia,2011,MYS,15.164051,29162034,127.0699997,71.42451667
Malaysia,2012,MYS,15.125122,29662835,134.0800018,71.96801279
Malaysia,2013,MYS,16.97209,30174269,140.9700012,72.48827171
Malaysia,2014,MYS,16.486542,30696133,147.4700012,72.98022069
Malaysia,2015,MYS,14.07767,31232796,150.1100006,73.438787
Malaysia,2016,MYS,12.559009,31789692,156.6499939,73.85889789
Malaysia,2017,MYS,12.030227,32355642,160.6399994,74.23548064
Malaysia,2018,MYS,11.849826,32910963,170.5800018,74.56346251
Malaysia,2019,MYS,11.730326,33440590,178.5,74.83777077
Malaysia,2020,MYS,10.885516,33889554,174.0099945,75.05118956
Malaysia,2021,MYS,11.263446,34282404,175.2100067,75.50886282
Malaysia,2022,MYS,11.0638895,34695494,183.6300049,75.97413571
Malaysia,2023,MYS,10.714272,35126295,187.8000031,76.44347521
Malaysia,2024,MYS,10.931114,35557670,198.1199951,76.91702966
Malaysia,2025,MYS,,35977834,201.0899963,
Mexico,2000,MEX,6.6141043,98625553,203.6199951,74.9203114
Mexico,2001,MEX,6.528195,100099101,210.2200012,75.29075576
Mexico,2002,MEX,6.4044704,101548627,215.7299957,75.68407528
Mexico,2003,MEX,6.559194,102978517,224.8999939,76.04617034
Mexico,2004,MEX,6.407211,104394131,235.3899994,76.32743974
Mexico,2005,MEX,6.5458355,105811504,247.9700012,76.47486244
Mexico,2006,MEX,6.6163616,107253666,256.25,76.49824557
Mexico,2007,MEX,6.424779,108774356,263.2600098,76.50473262
Mexico,2008,MEX,6.2865143,110374286,269.2900085,76.50904283
Mexico,2009,MEX,6.018841,111999720,267.7600098,76.514393
Mexico,2010,MEX,5.9013143,113623898,275.5700073,76.52444414
Mexico,2011,MEX,6.0547795,115243503,292.1499939,76.56678023
Mexico,2012,MEX,6.0874715,116818208,296.3900146,76.65851991
Mexico,2013,MEX,5.976894,118343572,297.1199951,76.79557681
Mexico,2014,MEX,5.8076186,119784265,303.3299866,76.97413671
Mexico,2015,MEX,5.650969,121072310,310.3599854,77.19038542
Mexico,2016,MEX,5.3409653,122251344,320.3500061,77.44050874
Mexico,2017,MEX,5.2209024,123400052,329.0899963,77.72069246
Mexico,2018,MEX,5.1400704,124573713,349.2900085,78.02712239
Mexico,2019,MEX,5.5542717,125762978,344.5700073,78.35598433
Mexico,2020,MEX,5.011475,126799053,325.730011,78.6779606
Mexico,2021,MEX,4.9409704,127648151,328.5899963,78.93240074
Mexico,2022,MEX,4.9063706,128613116,340.1499939,79.19968322
Mexico,2023,MEX,4.8827744,129739761,351.7000122,79.47349357
Mexico,2024,MEX,4.857969,130861001,355.1799927,79.7538806
Mexico,2025,MEX,,131946897,356.9700012,
Middle East and Caspian,2000,MECA,21.1657114,36285191,96.89000035,217.2388906
Middle East and Caspian,2001,MECA,21.7710281,36849166,99.4499998,218.145447
Middle East and Caspian,2002,MECA,21.459914,37403778,103.0200014,218.9992479
Middle East and Caspian,2003,MECA,21.5074648,37955919,103.8100023,219.78132
Middle East and Caspian,2004,MECA,20.7040418,38526500,105.9399996,220.4710869
Middle East and Caspian,2005,MECA,20.3192191,39114786,105.9299984,221.1286795
Middle East and Caspian,2006,MECA,20.8459516,39970452,111.000001,221.9020703
Middle East and Caspian,2007,MECA,20.5221175,40865704,115.6400013,222.7581679
Middle East and Caspian,2008,MECA,21.2886836,41567275,121.1600018,223.6527408
Middle East and Caspian,2009,MECA,19.3976334,42287192,119.1099977,224.4542261
Middle East and Caspian,2010,MECA,19.7353834,43019290,125.3000002,225.3239158
Middle East and Caspian,2011,MECA,20.08807,43774648,127.0399981,226.6204569
Middle East and Caspian,2012,MECA,21.1226893,44456822,132.5999985,228.0228813
Middle East and Caspian,2013,MECA,19.0198685,45465246,133.1900005,229.3131912
Middle East and Caspian,2014,MECA,18.1142903,46911882,134.8800011,230.6392449
Middle East and Caspian,2015,MECA,17.7565777,48346995,140.7000027,232.2521642
Middle East and Caspian,2016,MECA,17.5942964,49500940,145.3900013,232.9094092
Middle East and Caspian,2017,MECA,17.05122,50415195,149.0600033,233.2253044
Middle East and Caspian,2018,MECA,16.6512395,51345866,152.539999,233.4280025
Middle East and Caspian,2019,MECA,16.3537757,52294059,156.8000011,233.7233772
Middle East and Caspian,2020,MECA,15.7052819,53251985,159.9699974,234.1675579
Middle East and Caspian,2021,MECA,16.0414443,54252977,166.9200058,234.5803152
Middle East and Caspian,2022,MECA,16.1101499,55298365,174.5100021,234.8875626
Middle East and Caspian,2023,MECA,15.2536487,56347842,178.0000038,235.187678
Middle East and Caspian,2024,MECA,15.2454043,57301759,185.5700016,235.4849969
Middle East and Caspian,2025,MECA,,46570610,168.7999954,
Netherlands,2000,NLD,13.755787,16058757,88.05999756,78.48268284
Netherlands,2001,NLD,13.915786,16182705,92.13999939,80.18405787
Netherlands,2002,NLD,13.738292,16288060,94.63999939,80.80852752
Netherlands,2003,NLD,13.966897,16366914,95.47000122,81.30113089
Netherlands,2004,NLD,14.10219,16425562,99.81999969,82.25095314
Netherlands,2005,NLD,13.832226,16465707,98.52999878,83.50489497
Netherlands,2006,NLD,13.530421,16493851,97.51999664,84.65322804
Netherlands,2007,NLD,13.350465,16531360,103.6800003,85.40892315
Netherlands,2008,NLD,13.115754,16597259,106.2099991,85.61495825
Netherlands,2009,NLD,12.6994705,16684148,112.3499985,86.22231796
Netherlands,2010,NLD,13.278125,16771232,118.0999985,87.35027902
Netherlands,2011,NLD,12.345781,16851061,112.6399994,88.0059205
Netherlands,2012,NLD,12.12254,16915191,102.2699966,88.53424624
Netherlands,2013,NLD,12.010267,16967066,100.5599976,89.17499924
Netherlands,2014,NLD,11.540744,17030085,102.0999985,89.83647871
Netherlands,2015,NLD,11.901897,17107429,108.9899979,90.27877372
Netherlands,2016,NLD,11.906459,17204693,113.9599991,90.58032395
Netherlands,2017,NLD,11.586332,17315376,116.0400009,91.12197007
Netherlands,2018,NLD,11.193614,17421285,113.0999985,92.60624724
Netherlands,2019,NLD,10.746435,17537505,120.0500031,93.88980289
Netherlands,2020,NLD,9.725289,17636732,121.9599991,94.25322778
Netherlands,2021,NLD,9.81627,17730565,120.8899994,94.62947832
Netherlands,2022,NLD,8.996612,17904421,119.9599991,94.98561777
Netherlands,2023,NLD,8.295883,18092526,119.9599991,95.32216821
Netherlands,2024,NLD,8.075445,18228740,122.3300018,95.63965171
Netherlands,2025,NLD,,18346823,134.9600067,
New Zealand,2000,NZL,24.453821,3857576,38.90999985,85.70596605
New Zealand,2001,NZL,29.251654,3891763,39.27999878,85.75451744
New Zealand,2002,NZL,26.211681,3951116,40.20999908,85.80615782
New Zealand,2003,NZL,24.863398,4022585,40.36999893,85.85796206
New Zealand,2004,NZL,22.393501,4083912,42.27000046,85.90177083
New Zealand,2005,NZL,21.280134,4135002,42.47999954,85.92993258
New Zealand,2006,NZL,23.250051,4181943,43.04000092,85.93568417
New Zealand,2007,NZL,21.490095,4223270,43.38000107,85.92918407
New Zealand,2008,NZL,23.24036,4261819,43.38999939,85.91447231
New Zealand,2009,NZL,20.708645,4304304,42.95000076,85.89183455
New Zealand,2010,NZL,19.921837,4347766,44.31000137,85.86140433
New Zealand,2011,NZL,20.34534,4382699,43.86000061,85.82331519
New Zealand,2012,NZL,20.403627,4411682,43.75,85.77770068
New Zealand,2013,NZL,20.620247,4453857,42.70000076,85.70801298
New Zealand,2014,NZL,20.06685,4522976,42.91999817,85.50766595
New Zealand,2015,NZL,19.310684,4614035,43.56999969,85.15187638
New Zealand,2016,NZL,18.758253,4714768,43.15000153,84.69136559
New Zealand,2017,NZL,18.908691,4812749,43.65999985,84.17010259
New Zealand,2018,NZL,18.654465,4900840,43.72999954,83.80178467
New Zealand,2019,NZL,18.285326,4989410,43.75,83.80496587
New Zealand,2020,NZL,18.020779,5069895,43.34999847,83.81389771
New Zealand,2021,NZL,17.476261,5107694,43.54999924,83.82993826
New Zealand,2022,NZL,16.382565,5131731,43.25,83.8547305
New Zealand,2023,NZL,15.895441,5172837,42.88999939,83.88989915
New Zealand,2024,NZL,15.712585,5213942,44.00999832,83.93706588
New Zealand,2025,NZL,,5251897,43.34000015,
North America,2000,NAM,56.697132,312375926,4405.920105,157.7033893
North America,2001,NAM,54.905508,315493212,4315.330078,158.1500989
North America,2002,NAM,54.316242,318619914,4444.019958,158.6451275
North America,2003,NAM,54.788226,321744574,4457.209961,159.1687157
North America,2004,NAM,54.510618,324918928,4550.449951,159.6884
North America,2005,NAM,54.009194,328156838,4655.48999,160.1722198
North America,2006,NAM,51.441109,331489382,4655.369934,160.5903727
North America,2007,NAM,51.204573,334936394,4776.759826,160.9578788
North America,2008,NAM,49.63062,338419413,4742.63977,161.2848628
North America,2009,NAM,44.967538,341849822,4553.690063,161.5442217
North America,2010,NAM,45.222545,345259685,4720.96997,161.7118637
North America,2011,NAM,45.392519,348660524,4727.140137,161.798898
North America,2012,NAM,44.709278,352037862,4677.2099,161.8350977
North America,2013,NAM,44.756984,355404173,4711.300109,161.8443292
North America,2014,NAM,45.154573,358749642,4748.979737,161.8354063
North America,2015,NAM,44.117908,362088732,4745.070007,161.817366
North America,2016,NAM,42.447811,365532768,4754.690064,161.7999656
North America,2017,NAM,42.891277,369013155,4721.660035,161.8037624
North America,2018,NAM,42.713968,372351488,4862.749817,161.830491
North America,2019,NAM,41.629422,375573003,4814.079895,161.8668465
North America,2020,NAM,37.817503,377608059,4699.069947,161.9484406
North America,2021,NAM,39.393446,378615496,4806.020141,162.1854044
North America,2022,NAM,39.163153,380355300,4950.970154,162.3825876
North America,2023,NAM,38.690969,382776428,4895.300171,162.5966176
North America,2024,NAM,37.725414,385168995,5027.809998,162.8250364
North America,2025,NAM,,387402537,5172.230041,
Norway,2000,NOR,12.59413,4490864,142.5200043,76.13389224
Norway,2001,NOR,13.041798,4513650,121.3199997,76.39586193
Norway,2002,NOR,12.81329,4538016,130.2400055,76.79554425
Norway,2003,NOR,13.280975,4564666,106.6699982,77.26000214
Norway,2004,NOR,13.304269,4591739,110.0999985,77.56845939
Norway,2005,NOR,12.940987,4623120,137.25,77.82601489
Norway,2006,NOR,13.04906,4660487,121.2200012,78.08772278
Norway,2007,NOR,13.47489,4709017,136.1100006,78.40725026
Norway,2008,NOR,13.066559,4768097,141.1900024,78.7541006
Norway,2009,NOR,12.436287,4828625,130.9700012,79.05708202
Norway,2010,NOR,12.882568,4889160,123.1399994,79.24500275
Norway,2011,NOR,12.399699,4952969,125.9300003,79.31162045
Norway,2012,NOR,11.927291,5018453,146.1799927,79.49059254
Norway,2013,NOR,11.938976,5080126,133.1399994,79.97239805
Norway,2014,NOR,11.939195,5137397,140.8800049,80.61171595
Norway,2015,NOR,12.032476,5189777,143,81.2378241
Norway,2016,NOR,11.799832,5235974,148.0299988,81.68000031
Norway,2017,NOR,11.692727,5276807,148.2700043,81.96997459
Norway,2018,NOR,11.684794,5311751,145.9400024,82.24521124
Norway,2019,NOR,11.311686,5347733,133.8300018,82.49358949
Norway,2020,NOR,10.946127,5379275,154.3200073,82.70298857
Norway,2021,NOR,11.027292,5408082,157.1300049,82.86128772
Norway,2022,NOR,10.939784,5456796,145.4199982,82.95636618
Norway,2023,NOR,10.488692,5519167,153.6300049,83.07185607
Norway,2024,NOR,10.075698,5576656,157.1100006,83.32937379
Norway,2025,NOR,,5623074,160.8099976,
Poland,2000,POL,10.758642,38258077,143.1799927,61.74591606
Poland,2001,POL,10.365953,38247359,143.7200012,61.75577086
Poland,2002,POL,9.958412,38229407,142.4900055,61.75815346
Poland,2003,POL,10.389685,38203527,150.0099945,61.72813744
Poland,2004,POL,10.284661,38167568,152.5399933,61.65551726
Poland,2005,POL,10.466003,38124377,155.2899933,61.54970108
Poland,2006,POL,10.564812,38071169,160.6999969,61.41996885
Poland,2007,POL,10.783574,38020420,158.5200043,61.27560052
Poland,2008,POL,10.491629,37995902,154.5,61.12587604
Poland,2009,POL,9.596262,38002153,150.8600006,60.98007535
Poland,2010,POL,10.541173,38095356,156.7700043,60.8474784
Poland,2011,POL,10.223787,38208644,162.8699951,60.73570907
Poland,2012,POL,10.011809,38247867,161.4799957,60.63416328
Poland,2013,POL,9.95442,38259267,163.7799988,60.53331875
Poland,2014,POL,9.488514,38265113,158.3500061,60.43400633
Poland,2015,POL,9.531838,38266314,164.3000031,60.33628868
Poland,2016,POL,9.899838,38263260,166,60.24022842
Poland,2017,POL,10.272359,38254964,169.9100037,60.1458882
Poland,2018,POL,10.486242,38241070,169.4299927,60.05333065
Poland,2019,POL,10.159065,38225884,163.2200012,59.96261841
Poland,2020,POL,9.521753,38171005,157.1499939,59.87381411
Poland,2021,POL,10.351931,38040303,178.7899933,59.80965132
Poland,2022,POL,9.798449,38385734,178.6000061,59.8315488
Poland,2023,POL,8.837036,38762847,165.5200043,59.88595614
Poland,2024,POL,8.623619,38539209,172.1199951,59.97054687
Poland,2025,POL,,38140913,173.2599945,
Portugal,2000,PRT,7.993119,10283196,43.20999908,54.40516354
Portugal,2001,PRT,7.9159193,10354329,46.06000137,55.0679833
Portugal,2002,PRT,7.9542747,10413045,45.54999924,55.78929987
Portugal,2003,PRT,7.5334496,10454246,46.38999939,56.58655095
Portugal,2004,PRT,7.249611,10481386,44.68000031,57.41718576
Portugal,2005,PRT,7.5551634,10502993,46.00999832,58.24507634
Portugal,2006,PRT,7.020241,10524123,48.40000153,59.03409471
Portugal,2007,PRT,7.3355336,10546822,46.70999908,59.7481129
Portugal,2008,PRT,6.810958,10564086,45.34000015,60.35100294
Portugal,2009,PRT,6.3176966,10576265,49.38000107,60.80663687
Portugal,2010,PRT,5.968899,10578659,53.47999954,61.07888672
Portugal,2011,PRT,5.950943,10557050,51.77999878,61.14106984
Portugal,2012,PRT,5.988246,10513155,45.43999863,61.14097939
Portugal,2013,PRT,5.6805134,10458287,50.34999847,61.14053152
Portugal,2014,PRT,5.6424356,10406203,51.79999924,61.13945374
Portugal,2015,PRT,6.058502,10370264,51.13999939,61.13746921
Portugal,2016,PRT,6.102547,10346377,59.04999924,61.13430112
Portugal,2017,PRT,6.7446084,10330838,57.59000015,61.12967265
Portugal,2018,PRT,7.0738177,10325355,58.34999847,61.12330697
Portugal,2019,PRT,6.300556,10343218,51.59999847,61.11492725
Portugal,2020,PRT,5.5728154,10370519,51.38999939,61.10425668
Portugal,2021,PRT,5.391431,10390957,49.22000122,61.09512493
Portugal,2022,PRT,5.5799294,10417074,46.33000183,61.12592558
Portugal,2023,PRT,5.362008,10430735,46.13999939,61.20486526
Portugal,2024,PRT,5.1978517,10425291,47.27000046,61.32819073
Portugal,2025,PRT,,10411831,51.13000107,
Romania,2000,ROU,5.5053315,22046264,51.56000137,52.8619549
Romania,2001,ROU,5.809407,21919916,53.54999924,52.76480869
Romania,2002,ROU,5.9453697,21770020,54.41999817,52.74664279
Romania,2003,ROU,5.904559,21593448,54.84000015,52.80234938
Romania,2004,ROU,6.220122,21403215,56.47000122,52.91752955
Romania,2005,ROU,5.9949455,21213395,59.33000183,53.07450703
Romania,2006,ROU,5.9599304,21035732,62.56000137,53.25663807
Romania,2007,ROU,6.32675,20870714,61.56000137,53.44727891
Romania,2008,ROU,6.398731,20718745,64.86000061,53.62978582
Romania,2009,ROU,6.3594027,20576922,57.59000015,53.78751503
Romania,2010,ROU,5.749893,20432575,60.41999817,53.90382279
Romania,2011,ROU,5.8371797,20282009,61.79999924,53.96088742
Romania,2012,ROU,5.854897,20158451,58.54000092,53.95630925
Romania,2013,ROU,5.3013573,20062913,58.18999863,53.9101758
Romania,2014,ROU,5.381046,19968179,64.91999817,53.82671876
Romania,2015,ROU,5.1532607,19871018,65.66000366,53.70718395
Romania,2016,ROU,5.1281643,19777049,64.22000122,53.5528172
Romania,2017,ROU,5.5804477,19689405,63.54000092,53.36486432
Romania,2018,ROU,6.4137454,19597874,64.06999969,53.14457116
Romania,2019,ROU,5.4853835,19501542,58.75999832,52.89318352
Romania,2020,ROU,5.4203525,19392467,55.20999908,52.61194725
Romania,2021,ROU,5.3775773,19248159,58.56000137,52.23215121
Romania,2022,ROU,5.053597,19166776,54.74000168,52.16348325
Romania,2023,ROU,4.7527685,19118482,56.95000076,52.1645747
Romania,2024,ROU,4.747173,19015096,52.72000122,52.16747789
Romania,2025,ROU,,18908655,49.81000137,
Russia,2000,RUS,13.201384,146717784,877.7600098,73.1568222
Russia,2001,RUS,13.468924,146117290,891.2700195,73.22998047
Russia,2002,RUS,13.214793,145939502,891.2800293,73.2929008
Russia,2003,RUS,13.801588,145794230,916.289978,73.40573883
Russia,2004,RUS,13.641435,145180091,931.9099731,73.30657959
Russia,2005,RUS,14.166554,144597886,954.1099854,73.16139221
Russia,2006,RUS,14.76748,144102948,992.1199951,73.24391937
Russia,2007,RUS,15.267593,143859767,1018.700012,73.38560486
Russia,2008,RUS,15.089112,143811837,1040,73.4822464
Russia,2009,RUS,15.635871,143869128,993.0999756,73.52886963
Russia,2010,RUS,17.133654,143934468,1038.02002,73.66963079
Russia,2011,RUS,15.825308,144043751,1054.859985,73.85348511
Russia,2012,RUS,17.563593,144291025,1069.27002,73.97265625
Russia,2013,RUS,16.401213,144604105,1059.079956,74.07629498
Russia,2014,RUS,15.64913,144925639,1064.199951,74.17764767
Russia,2015,RUS,17.458067,145307612,1067.550049,74.27591907
Russia,2016,RUS,17.462675,145778668,1090.969971,74.37031387
Russia,2017,RUS,17.515038,146186798,1091.170044,74.46003681
Russia,2018,RUS,17.286173,146430146,1109.189941,74.54429261
Russia,2019,RUS,17.206259,146533063,1118.160034,74.622286
Russia,2020,RUS,16.264328,146371295,1085.420044,74.69322168
Russia,2021,RUS,17.061714,145836172,1157.069946,74.75168402
Russia,2022,RUS,17.865038,145579889,1166.939941,74.85448936
Russia,2023,RUS,18.378408,145440502,1178.25,74.98050479
Russia,2024,RUS,18.845648,144820421,1209.310059,75.11191362
Russia,2025,RUS,,143997393,1192.790039,
Seychelles,2000,SYC,4.660248,83339,0.200000003,43.39742307
Seychelles,2001,SYC,4.846217,84621,0.200000003,43.21729859
Seychelles,2002,SYC,4.8543706,85878,0.230000004,43.09484645
Seychelles,2003,SYC,4.712053,87056,0.230000004,43.00493286
Seychelles,2004,SYC,5.137033,88175,0.230000004,42.92377569
Seychelles,2005,SYC,5.103831,89288,0.300000012,42.85103491
Seychelles,2006,SYC,5.116776,90391,0.319999993,42.78804314
Seychelles,2007,SYC,5.2317147,91483,0.340000004,42.73613301
Seychelles,2008,SYC,5.3058486,92563,0.340000004,42.69663713
Seychelles,2009,SYC,5.5837383,93644,0.349999994,42.67088812
Seychelles,2010,SYC,5.4499874,94993,0.379999995,42.66030724
Seychelles,2011,SYC,4.953813,97041,0.400000006,42.67398449
Seychelles,2012,SYC,5.0052915,99565,0.409999996,42.72617585
Seychelles,2013,SYC,4.836603,102108,0.439999998,42.81506963
Seychelles,2014,SYC,5.182127,104663,0.449999988,42.93862562
Seychelles,2015,SYC,5.4587073,107247,0.460000008,43.09480357
Seychelles,2016,SYC,5.891673,109836,0.5,43.28156325
Seychelles,2017,SYC,5.97216,112443,0.50999999,43.49686444
Seychelles,2018,SYC,6.003113,115053,0.519999981,43.7386669
Seychelles,2019,SYC,5.839177,117662,0.569999993,44.0049304
Seychelles,2020,SYC,5.8021317,120299,0.589999974,44.29361472
Seychelles,2021,SYC,5.814433,123000,0.600000024,44.60267961
Seychelles,2022,SYC,5.854606,125533,0.620000005,44.910821
Seychelles,2023,SYC,5.8578963,127961,0.620000005,45.09710813
Seychelles,2024,SYC,5.856652,130436,0.629999995,45.28986225
Slovakia,2000,SVK,9.865683,5380001,30.78000069,56.10588933
Slovakia,2001,SVK,10.322509,5379439,31.81999969,55.99684267
Slovakia,2002,SVK,10.181752,5377685,32.18000031,55.87761404
Slovakia,2003,SVK,10.094265,5376197,30.97999954,55.73860072
Slovakia,2004,SVK,10.513503,5376038,30.45999908,55.58438334
Slovakia,2005,SVK,10.797442,5376697,31.34000015,55.41898476
Slovakia,2006,SVK,11.1194315,5376847,31.25,55.24642784
Slovakia,2007,SVK,11.174377,5376993,27.85000038,55.07073545
Slovakia,2008,SVK,11.498968,5379127,28.70000076,54.89593045
Slovakia,2009,SVK,11.046034,5385074,25.93000031,54.7260357
Slovakia,2010,SVK,11.612928,5391857,27.45999908,54.56507407
Slovakia,2011,SVK,11.871488,5398105,28.28000069,54.4167388
Slovakia,2012,SVK,11.653419,5404877,28.29999924,54.27645283
Slovakia,2013,SVK,12.070249,5410422,28.5,54.13840241
Slovakia,2014,SVK,12.345165,5415238,27.12999916,54.00291255
Slovakia,2015,SVK,13.576614,5420278,26.62000084,53.8700628
Slovakia,2016,SVK,11.989122,5427262,26.79999924,53.73993271
Slovakia,2017,SVK,10.581483,5435702,27.42000008,53.61260182
Slovakia,2018,SVK,9.216518,5443229,26.65999985,53.48814969
Slovakia,2019,SVK,7.7159963,5450627,28.20999908,53.36665587
Slovakia,2020,SVK,6.386628,5455028,28.51000023,53.24819989
Slovakia,2021,SVK,6.470325,5442766,29.70000076,53.19014799
Slovakia,2022,SVK,5.0755115,5473195,26.54000092,53.19028311
Slovakia,2023,SVK,4.3753815,5518057,29.53000069,53.19080502
Slovakia,2024,SVK,3.5832222,5506759,29.52000046,53.1919703
Slovakia,2025,SVK,,5474874,29.10000038,
Slovenia,2000,SVN,9.939225,1986817,13.60999966,50.69750298
Slovenia,2001,SVN,10.792636,1989684,14.47999954,50.75975035
Slovenia,2002,SVN,10.906852,1991571,14.60000038,50.77445563
Slovenia,2003,SVN,11.034613,1992499,13.82999992,50.75538426
Slovenia,2004,SVN,10.98416,1993548,15.27000046,50.71244106
Slovenia,2005,SVN,11.094281,1996915,15.10999966,50.6487814
Slovenia,2006,SVN,11.190314,2003116,15.10999966,50.56725528
Slovenia,2007,SVN,14.158545,2014159,15.03999996,50.47071271
Slovenia,2008,SVN,12.614888,2025090,16.40999985,50.36200368
Slovenia,2009,SVN,11.809506,2035610,16.38999939,50.24397821
Slovenia,2010,SVN,12.12812,2044611,16.26000023,50.11948628
Slovenia,2011,SVN,12.13826,2048805,15.92000008,49.94638187
Slovenia,2012,SVN,12.135288,2053322,15.55000019,49.76194763
Slovenia,2013,SVN,11.579259,2056452,15.80000019,50.04665808
Slovenia,2014,SVN,10.491846,2058395,17.14999962,50.98347092
Slovenia,2015,SVN,10.69576,2059946,14.80000019,53.66121603
Slovenia,2016,SVN,11.139798,2061379,16.22999954,53.64727402
Slovenia,2017,SVN,11.253108,2062410,16.04999924,55.24511337
Slovenia,2018,SVN,10.653118,2069484,16.12000084,55.1913431
Slovenia,2019,SVN,10.461634,2083438,15.89000034,55.45232773
Slovenia,2020,SVN,9.393123,2102421,16.88999939,55.38439178
Slovenia,2021,SVN,9.310917,2113495,15.59000015,55.30462894
Slovenia,2022,SVN,8.888523,2115231,13.35999966,55.33778179
Slovenia,2023,SVN,8.378464,2118394,15.55000019,55.53789278
Slovenia,2024,SVN,8.547228,2118692,16.70999908,55.75777084
Slovenia,2025,SVN,,2117070,14.84000015,
South Africa,2000,ZAF,10.753548,47159715,210.6600037,56.25899549
South Africa,2001,ZAF,10.4600725,47566805,210.0899963,57.00143394
South Africa,2002,ZAF,9.940207,48019414,220.5800018,57.67235875
South Africa,2003,ZAF,10.765047,48500351,234.2400055,58.37243412
South Africa,2004,ZAF,11.556597,48991420,244.6100006,59.0977391
South Africa,2005,ZAF,10.695489,49490041,244.9299927,59.82417584
South Africa,2006,ZAF,11.243411,49998271,253.8099976,60.52764652
South Africa,2007,ZAF,11.641436,50528575,263.4899902,61.18405332
South Africa,2008,ZAF,12.00112,51114595,258.2900085,61.76929839
South Africa,2009,ZAF,11.350956,51728518,249.5599976,62.25928391
South Africa,2010,ZAF,10.973834,52344047,259.5899963,62.62991206
South Africa,2011,ZAF,10.952458,52995212,262.480011,62.85062775
South Africa,2012,ZAF,10.631916,53782570,257.8699951,62.96165603
South Africa,2013,ZAF,10.337776,54678789,255.9499969,63.05240241
South Africa,2014,ZAF,10.625931,55594840,254.7700043,63.13523271
South Africa,2015,ZAF,9.951787,56723536,250.0500031,63.20963499
South Africa,2016,ZAF,9.811252,57259550,252.8099976,63.27509734
South Africa,2017,ZAF,9.492857,57635158,255.1399994,63.33110783
South Africa,2018,ZAF,9.561661,58613001,256.2999878,63.37715452
South Africa,2019,ZAF,9.693312,59587880,253.0700073,63.4127255
South Africa,2020,ZAF,8.938566,60562374,240.7400055,63.43730883
South Africa,2021,ZAF,8.872801,61502602,245.4600067,63.45039259
South Africa,2022,ZAF,8.549892,62378417,239.1699982,63.47666992
South Africa,2023,ZAF,8.564516,63212386,232.9499969,63.58237052
South Africa,2024,ZAF,8.479182,64007187,247.5200043,63.69179849
South Africa,2025,ZAF,,64747319,242.7599945,
Spain,2000,ESP,8.812179,41019772,220.9199982,76.16505523
Spain,2001,ESP,8.901756,41245602,233.0700073,76.31568895
Spain,2002,ESP,9.41053,41755703,239.9100037,76.49342172
Spain,2003,ESP,9.432324,42506540,257.2999878,76.70933559
Spain,2004,ESP,9.529971,43234562,276.6099854,76.95496275
Spain,2005,ESP,9.600847,43958883,289.4599915,77.22068019
Spain,2006,ESP,9.186189,44695446,295.5899963,77.49686488
Spain,2007,ESP,9.249037,45516501,301.8599854,77.77389379
Spain,2008,ESP,8.349946,46235055,309.7900085,78.0421439
Spain,2009,ESP,7.483469,46635182,290.7200012,78.29199219
Spain,2010,ESP,7.0639944,46840469,297.7999878,78.51381562
Spain,2011,ESP,7.532238,46998040,291.5400085,78.69539796
Spain,2012,ESP,6.9483566,47018323,293.9500122,78.84556803
Spain,2013,ESP,6.465498,46860394,281.4599915,78.98580869
Spain,2014,ESP,6.5134735,46720187,274.4400024,79.11967138
Spain,2015,ESP,6.845182,46683683,277.1700134,79.24548927
Spain,2016,ESP,6.6345615,46732768,270.7000122,79.36159553
Spain,2017,ESP,6.83814,46868594,272.3800049,79.46632331
Spain,2018,ESP,6.810658,47092817,271.3999939,79.55800578
Spain,2019,ESP,6.3181233,47435121,270.519989,79.63497611
Spain,2020,ESP,5.523452,47679482,259.4700012,79.69556746
Spain,2021,ESP,6.1565533,47735670,270.75,79.7846243
Spain,2022,ESP,6.086297,47828386,287.1499939,79.95487946
Spain,2023,ESP,5.6440225,47911583,279.1099854,80.128491
Spain,2024,ESP,5.7417855,47910533,280.9400024,80.31519982
Spain,2025,ESP,,47889960,287.8900146,
Sweden,2000,SWE,7.87887,8872099,145.2299957,84.04000092
Sweden,2001,SWE,8.090505,8896018,161.6000061,84.08271528
Sweden,2002,SWE,8.152996,8925045,146.6999969,84.13425084
Sweden,2003,SWE,8.412477,8958434,135.3899994,84.19542897
Sweden,2004,SWE,8.755857,8993805,151.5599976,84.26707105
Sweden,2005,SWE,8.497,9029771,158.3600006,84.34999847
Sweden,2006,SWE,8.252128,9080628,143.2799988,84.45532006
Sweden,2007,SWE,8.116062,9148280,148.8200073,84.59068755
Sweden,2008,SWE,7.846867,9219903,149.8999939,84.75173667
Sweden,2009,SWE,7.38936,9298738,136.6000061,84.93410319
Sweden,2010,SWE,8.036456,9378234,148.4499969,85.13342285
Sweden,2011,SWE,7.316459,9449263,150.2799988,85.36007489
Sweden,2012,SWE,7.0849986,9519477,166.4400024,85.62506689
Sweden,2013,SWE,6.7113495,9600620,153.0299988,85.92497713
Sweden,2014,SWE,6.417304,9696438,153.5599976,86.25638387
Sweden,2015,SWE,6.409536,9799483,162,86.61586541
Sweden,2016,SWE,6.3912687,9923281,155.8899994,87
Sweden,2017,SWE,6.3266454,10057864,164.2299957,87.23737379
Sweden,2018,SWE,6.1082354,10175400,163.3600006,87.47374309
Sweden,2019,SWE,6.000227,10279120,168.4199982,87.70884202
Sweden,2020,SWE,5.4481683,10353682,163.7799988,87.94240469
Sweden,2021,SWE,5.7444434,10416134,171.7799988,88.1741652
Sweden,2022,SWE,5.459921,10487335,173.0500031,88.40385765
Sweden,2023,SWE,5.4462304,10551493,166.0500031,88.63121616
Sweden,2024,SWE,5.3694525,10606993,172.1499939,88.85597483
Sweden,2025,SWE,,10656636,170.7100067,
Switzerland,2000,CHE,7.3835354,7184003,66.12000275,73.30243052
Switzerland,2001,CHE,7.5580053,7226391,71.05000305,73.37629926
Switzerland,2002,CHE,7.1996136,7278744,65.41000366,73.41953241
Switzerland,2003,CHE,7.2867494,7333451,65.33999634,73.45187622
Switzerland,2004,CHE,7.25478,7384196,63.86999893,73.47613175
Switzerland,2005,CHE,7.282861,7431824,57.79999924,73.49510009
Switzerland,2006,CHE,7.192521,7478514,62.13000107,73.51158232
Switzerland,2007,CHE,6.8601065,7545386,66.43000031,73.52837951
Switzerland,2008,CHE,6.9494476,7641730,67.04000092,73.54829274
Switzerland,2009,CHE,6.643337,7737644,66.66999817,73.57412309
Switzerland,2010,CHE,6.763794,7825750,66.05000305,73.60867164
Switzerland,2011,CHE,6.136063,7914379,62.88000107,73.65058749
Switzerland,2012,CHE,6.2330213,7998927,68.12999725,73.75226296
Switzerland,2013,CHE,6.310096,8091199,68.69000244,74.11213848
Switzerland,2014,CHE,5.7266216,8190238,70.08000183,74.74026791
Switzerland,2015,CHE,5.608893,8283940,66.06999969,75.60449601
Switzerland,2016,CHE,5.604347,8374903,61.09999847,76.67266758
Switzerland,2017,CHE,5.464213,8453630,60.15000153,77.91262737
Switzerland,2018,CHE,5.2618136,8516341,66.29000092,79.29222016
Switzerland,2019,CHE,5.185306,8577525,70.56999969,80.77929073
Switzerland,2020,CHE,4.8497124,8640582,68.5,82.34168385
Switzerland,2021,CHE,5.03835,8707019,63.09000015,84.20064776
Switzerland,2022,CHE,4.6348886,8792180,61.72000122,84.92062663
Switzerland,2023,CHE,4.502466,8870564,70.06999969,85.18542127
Switzerland,2024,CHE,4.49567,8921979,78.37000275,85.461537
Switzerland,2025,CHE,,8967413,65.01999664,
Thailand,2000,THA,5.306275,63007815,95.51999664,31.46262127
Thailand,2001,THA,5.400673,63651137,100.9899979,32.74280548
Thailand,2002,THA,5.5362554,64266433,108.4400024,34.0732781
Thailand,2003,THA,5.6827803,64868164,115.9400024,35.42703544
Thailand,2004,THA,5.937886,65452049,124.1299973,36.78551628
Thailand,2005,THA,6.047902,66017415,130.4299927,38.13015944
Thailand,2006,THA,6.0468907,66567685,136.7799988,39.4424037
Thailand,2007,THA,6.4866276,67102388,142.5299988,40.70368787
Thailand,2008,THA,6.341045,67619835,145.4400024,41.89545074
Thailand,2009,THA,6.3992753,68121077,145.8999939,42.99913112
Thailand,2010,THA,6.6936607,68579443,157.5700073,44.00187366
Thailand,2011,THA,6.549754,69007212,153.3000031,44.80487236
Thailand,2012,THA,6.5713124,69436091,168.9600067,45.37356581
Thailand,2013,THA,6.470608,69845112,168.6399994,45.83213438
Thailand,2014,THA,6.528,70216362,173.7599945,46.31387995
Thailand,2015,THA,6.322373,70540787,177.8300018,46.95210438
Thailand,2016,THA,6.32822,70859835,179.8200073,47.88010956
Thailand,2017,THA,6.269352,71160183,176.7299957,49.23119736
Thailand,2018,THA,6.5208383,71376081,177.7599945,54.58437347
Thailand,2019,THA,6.721876,71522264,186.5099945,55.92661667
Thailand,2020,THA,6.720122,71641484,176.4799957,57.23587799
Thailand,2021,THA,6.1994133,71727338,176.3600006,58.50877762
Thailand,2022,THA,6.398993,71735321,180.3699951,59.74237442
Thailand,2023,THA,6.267803,71702436,190.4799957,60.93419266
Thailand,2024,THA,6.3726296,71668010,199.5200043,61.86893384
Thailand,2025,THA,,71619866,188.2400055,
Turkiye,2000,TUR,4.899833,65425957,124.3799973,58.970612
Turkiye,2001,TUR,4.673094,66245125,122.2399979,59.87224614
Turkiye,2002,TUR,4.452392,67048792,128.4600067,60.73853427
Turkiye,2003,TUR,5.0196548,67831735,139.5399933,61.58450607
Turkiye,2004,TUR,4.8469777,68592621,149.75,62.43884812
Turkiye,2005,TUR,4.8775573,69329557,161.6300049,63.33024703
Turkiye,2006,TUR,5.1350193,70045351,176.25,64.28738939
Turkiye,2007,TUR,5.47966,70750593,191.5200043,65.33896182
Turkiye,2008,TUR,5.34317,71562343,198.3699951,66.51365089
Turkiye,2009,TUR,5.5325003,72464846,194.8099976,67.84014322
Turkiye,2010,TUR,5.4210367,73346766,211.1799927,69.34712539
Turkiye,2011,TUR,5.8518553,74215203,229.3899994,71.00287235
Turkiye,2012,TUR,6.03907,75197196,239.4900055,73.77886802
Turkiye,2013,TUR,5.9966764,76403032,240.1499939,78.52183684
Turkiye,2014,TUR,6.097281,78036154,251.9499969,83.60248507
Turkiye,2015,TUR,6.310923,80014222,261.769989,87.2167108
Turkiye,2016,TUR,6.4521604,81652087,274.3999939,88.10209586
Turkiye,2017,TUR,6.70257,83083667,297.2900085,88.03204727
Turkiye,2018,TUR,6.3569684,84415966,300.1499939,88.16557496
Turkiye,2019,TUR,6.262775,85357670,300.1799927,88.66181529
Turkiye,2020,TUR,6.6043997,86091691,302,88.9303115
Turkiye,2021,TUR,7.2773814,86686254,327.8800049,89.17620482
Turkiye,2022,TUR,7.0216107,87058469,320.5599976,89.03811646
Turkiye,2023,TUR,7.5199285,87270502,319.7900085,89.02184468
Turkiye,2024,TUR,7.7738886,87473800,341.230011,89.34431229
Turkiye,2025,TUR,,87685427,353.8599854,
USA,2000,USA,25.639954,281484126,3802.100098,79.07408979
USA,2001,USA,24.540426,284279634,3727.570068,79.30862237
USA,2002,USA,24.588982,287084335,3844.22998,79.54610398
USA,2003,USA,24.992226,289908091,3868.939941,79.77733503
USA,2004,USA,24.98296,292786248,3951.949951,79.9960937
USA,2005,USA,25.121346,295716666,4034.98999,80.19615817
USA,2006,USA,23.649693,298730208,4046.939941,80.37130664
USA,2007,USA,23.792126,301844223,4142.569824,80.51531729
USA,2008,USA,23.196795,304970325,4107.529785,80.62196829
USA,2009,USA,21.35525,308023452,3939.820068,80.68503784
USA,2010,USA,21.93616,311062785,4113.939941,80.69977447
USA,2011,USA,20.768974,314105075,4088.870117,80.69575543
USA,2012,USA,20.14632,317115349,4040.669922,80.68374934
USA,2013,USA,20.270061,320110752,4055.610107,80.66088928
USA,2014,USA,20.459463,323115377,4096.009766,80.62422318
USA,2015,USA,19.649694,326126496,4083.98999,80.57079895
USA,2016,USA,19.164675,329179423,4087.560059,80.49766453
USA,2017,USA,19.022083,332204657,4052.310059,80.40186784
USA,2018,USA,19.300438,335056492,4201.549805,80.2804568
USA,2019,USA,18.83059,337790069,4158.379883,80.13047934
USA,2020,USA,16.964767,339436156,4043.179932,79.99745176
USA,2021,USA,18.024174,340161438,4153.620117,80.00747651
USA,2022,USA,18.157791,341534041,4286.890137,80.03249782
USA,2023,USA,17.696815,343477330,4253.910156,80.07156112
USA,2024,USA,17.527048,345426566,4391.02002,80.1247798
USA,2025,USA,,347275809,4519.790039,
United Kingdom,2000,GBR,12.030104,59057333,377.0599976,79.82414083
United Kingdom,2001,GBR,12.062801,59288095,384.769989,79.98383013
United Kingdom,2002,GBR,11.6481905,59540764,387.2399902,80.11460627
United Kingdom,2003,GBR,11.732504,59820385,398.2099915,80.23315933
United Kingdom,2004,GBR,11.666466,60169964,393.9200134,80.34232849
United Kingdom,2005,GBR,11.797785,60596107,398.3500061,80.44559381
United Kingdom,2006,GBR,11.396607,61051093,397.269989,80.54643536
United Kingdom,2007,GBR,11.009777,61535859,396.8099976,80.6483332
United Kingdom,2008,GBR,10.524034,62027303,388.9599915,80.75476739
United Kingdom,2009,GBR,9.521238,62506222,376.7600098,80.86921801
United Kingdom,2010,GBR,9.661739,63006482,382.0599976,80.99516512
United Kingdom,2011,GBR,8.904943,63509285,367.9700012,81.13596856
United Kingdom,2012,GBR,9.144606,63960488,363.8699951,81.29056678
United Kingdom,2013,GBR,8.879191,64389386,358.2799988,81.45737687
United Kingdom,2014,GBR,8.183563,64865914,338.0799866,81.63557508
United Kingdom,2015,GBR,7.934455,65382107,338.8699951,81.82437723
United Kingdom,2016,GBR,7.4990807,65893359,339.1799927,82.02299917
United Kingdom,2017,GBR,7.201512,66354473,338.2200012,82.23065673
United Kingdom,2018,GBR,7.1199093,66752473,333.7600098,82.44656576
United Kingdom,2019,GBR,6.764814,67110958,327.1900024,82.66994207
United Kingdom,2020,GBR,6.1137676,67351860,310.2999878,82.90000153
United Kingdom,2021,GBR,6.2919416,67668788,307.8999939,82.98864315
United Kingdom,2022,GBR,5.751478,68179315,324.5799866,83.0753983
United Kingdom,2023,GBR,5.6289153,68682965,292.5299988,83.16019329
United Kingdom,2024,GBR,5.6448607,69138185,284.1600037,83.24295444
United Kingdom,2025,GBR,,69551334,292.3099976,
Uzbekistan,2000,UZB,6.647322,24787052,46.86000061,47.6731005
Uzbekistan,2001,UZB,6.8463826,25090289,47.95999908,48.49018863
Uzbekistan,2002,UZB,7.237721,25399987,49.40000153,49.25745927
Uzbekistan,2003,UZB,6.889623,25711261,48.74000168,49.95668815
Uzbekistan,2004,UZB,6.6716533,26029350,49.70000076,50.56965102
Uzbekistan,2005,UZB,6.5641236,26356977,47.66999817,51.07812363
Uzbekistan,2006,UZB,6.6829805,26699046,49.31999969,51.46388172
Uzbekistan,2007,UZB,6.409046,27076013,49.02000046,51.70870103
Uzbekistan,2008,UZB,6.653964,27494780,50.22000122,51.7943573
Uzbekistan,2009,UZB,5.6486387,27939333,50.09999847,51.61050415
Uzbekistan,2010,UZB,5.6359854,28385509,51.97000122,51.33216476
Uzbekistan,2011,UZB,5.948293,28823194,52.79999924,51.33955002
Uzbekistan,2012,UZB,6.0403743,29261908,53,51.33596802
Uzbekistan,2013,UZB,5.773713,29724065,54.61000061,51.12769699
Uzbekistan,2014,UZB,5.5326595,30222994,55.75,50.88687134
Uzbekistan,2015,UZB,5.30625,30749349,57.40999985,50.65973282
Uzbekistan,2016,UZB,5.4903674,31284565,58.70999908,50.65721893
Uzbekistan,2017,UZB,5.417868,31819172,60.84000015,50.67873764
Uzbekistan,2018,UZB,5.1880717,32373489,63.15000153,50.58149719
Uzbekistan,2019,UZB,5.334549,32964700,63.56000137,50.5920105
Uzbekistan,2020,UZB,5.206417,33586373,66.52999878,50.76704025
Uzbekistan,2021,UZB,5.616952,34243696,71.44000244,50.92699051
Uzbekistan,2022,UZB,5.376543,34938953,75.06999969,50.98474121
Uzbekistan,2023,UZB,5.3531094,35652311,76.80000305,50.99648411
Uzbekistan,2024,UZB,5.7250333,36361859,81.5,50.99866867
Uzbekistan,2025,UZB,,37053428,86.69999695,
Viet Nam,2000,VNM,4.6626506,77154016,26.55999947,24.36725269
Viet Nam,2001,VNM,3.7066178,77969357,30.61000061,24.94893627
Viet Nam,2002,VNM,3.508664,78772227,35.79999924,25.55409257
Viet Nam,2003,VNM,3.7600954,79563778,40.93000031,26.17454078
Viet Nam,2004,VNM,4.038995,80338977,46.20000076,26.80210013
Viet Nam,2005,VNM,3.72096,81088309,52.08000183,27.42858982
Viet Nam,2006,VNM,3.524362,82167901,57.90000153,28.04582906
Viet Nam,2007,VNM,3.7368128,83633374,64.16000366,28.64563705
Viet Nam,2008,VNM,3.7411697,85175789,70.94999695,29.21983301
Viet Nam,2009,VNM,4.494531,86460023,80.63999939,29.75813474
Viet Nam,2010,VNM,4.1218204,87455148,91.72000122,30.25040273
Viet Nam,2011,VNM,4.106761,88468315,101.5100021,30.69960417
Viet Nam,2012,VNM,3.9502141,89510355,115.1600037,31.12227794
Viet Nam,2013,VNM,4.0899177,90573103,124.4599991,31.53342017
Viet Nam,2014,VNM,6.3275867,91679582,141.25,31.94802699
Viet Nam,2015,VNM,5.6079726,92823254,161.9299927,32.38109454
Viet Nam,2016,VNM,5.138326,94000115,179.1699982,32.84761893
Viet Nam,2017,VNM,4.8881297,95176978,194.7200012,33.3625963
Viet Nam,2018,VNM,5.3712215,96237319,217.1799927,33.94102278
Viet Nam,2019,VNM,5.8620734,97173778,236.8899994,34.6239135
Viet Nam,2020,VNM,5.913452,98079196,244,35.57066763
Viet Nam,2021,VNM,5.3448215,98935101,253.6100006,36.65406564
Viet Nam,2022,VNM,5.408678,99680656,265.1099854,37.54785156
Viet Nam,2023,VNM,5.6218424,100352189,276.5899963,38.12989044
Viet Nam,2024,VNM,5.777901,100987685,303.5799866,38.49007034
Viet Nam,2025,VNM,,101598530,309.9899902,
World,2000,WLD,583.8636167,4340959850,13435.59015,3645.477633
World,2001,WLD,590.2284524,4386076705,13588.77013,3663.553592
World,2002,WLD,589.052319,4430584837,14056.49999,3681.133487
World,2003,WLD,608.2125043,4474185085,14530.04985,3698.374127
World,2004,WLD,611.4614656,4517093175,15209.34985,3715.43096
World,2005,WLD,593.8946361,4559820084,15802.62999,3732.743969
World,2006,WLD,595.7929012,4602701194,16397.27984,3749.545994
World,2007,WLD,604.3171929,4646055318,17187.08989,3765.243616
World,2008,WLD,598.4594589,4689651806,17513.97965,3781.244211
World,2009,WLD,562.8501593,4733614874,17326.29999,3796.271473
World,2010,WLD,585.2049783,4777548408,18450.01019,3810.68786
World,2011,WLD,576.5935939,4820917390,19084.06006,3825.590357
World,2012,WLD,574.7270382,4864624931,19500.73008,3838.570506
World,2013,WLD,557.0451956,4908657048,20033.41989,3855.404155
World,2014,WLD,545.6803893,4952283142,20535.22985,3873.031939
World,2015,WLD,542.4390168,4995201089,20690.16015,3891.367129
World,2016,WLD,531.8944674,5036947587,21268.22025,3903.39098
World,2017,WLD,534.8707128,5077956694,21909.61,3915.783531
World,2018,WLD,529.1916041,5116499592,22845.16997,3931.879919
World,2019,WLD,510.5481376,5151165233,23163.92015,3945.175047
World,2020,WLD,474.3206177,5179623774,23043.72987,3956.056713
World,2021,WLD,486.0927836,5200193422,24375.35992,3968.958942
World,2022,WLD,475.4758896,5221139756,24978.50001,3979.250906
World,2023,WLD,456.9654402,5243495656,25616.55034,3989.549718
World,2024,WLD,452.6630554,5262649522,26775.01999,3999.962724
World,2025,WLD,,4982344393,27091.1305,
