Country Name,2000,2001,2002,2003,2004,2005,2006,2007,2008,2009,2010,2011,2012,2013,2014,2015,2016,2017,2018,2019,2020,2021,2022,2023,2024,2025
Aruba,65.35454978,65.33511379,65.28206913,65.19829226,65.08865337,64.95802264,64.81127028,64.65326648,64.48888141,64.32298528,64.16129655,63.99926058,63.82520852,63.63829144,63.43925313,63.2288374,63.00778806,62.77684889,62.5367637,62.28827629,62.00288376,61.92753399,61.88116579,61.83514927,61.79093968,
Africa Eastern and Southern,28.46868798,28.83150614,29.22103062,29.6390356,30.08783707,30.53727586,30.98764955,31.36297739,31.84899958,32.24006776,32.59036098,32.93809859,33.28670608,33.66731428,34.0775774,34.49068094,34.88121067,35.28298683,35.71471846,36.0973307,36.48832196,36.90854261,37.36057811,37.77230124,38.24144143,
Afghanistan,18.55819952,18.74123813,18.94124801,19.16003464,19.3993594,19.70590958,20.11045302,20.59065792,21.12414813,21.68854751,22.2614799,22.82056916,23.34343913,23.80771367,24.19101664,24.46491184,24.65883457,24.83528212,24.99916452,25.14372588,25.26221034,25.34786203,25.39392506,25.47305296,25.70073526,
Africa Western and Central,38.85246844,39.45294597,40.04936741,40.64484828,41.23982013,41.83645946,42.43992588,43.01231273,43.57988739,44.15120956,44.72601984,45.29879958,45.87325469,46.44633091,47.0221646,47.60238926,48.1739704,48.74741388,49.3179476,49.89007515,50.47631788,51.07239699,51.68169411,52.28290819,52.85956422,
Angola,50.50706535,51.72247904,52.89262348,54.00435454,55.04452809,56,56.89390327,57.75646329,58.58517458,59.37753163,60.13102895,60.84316104,61.51142239,62.13330752,62.72311579,63.51567833,64.29923025,65.08505251,65.87321367,66.66378232,67.45682702,68.25241636,69.0506189,69.85150322,70.6551379,
Albania,41.61358296,42.35451399,43.15204196,44.02950892,44.97849257,45.99376669,47.07010509,48.20228157,49.38506992,50.61324394,51.88157743,53.29173829,53.86375537,54.29796781,54.73258132,55.15792914,55.57387345,55.98027643,56.37700026,56.76390713,57.14085922,57.5077187,57.86434777,58.21060861,58.5463634,
Andorra,92.25593567,91.89497111,91.46053083,90.98875154,90.51576996,89.95636319,89.37892189,89.05000305,88.94073639,88.84433315,88.76047261,88.68883403,88.62909671,88.58093991,88.54404292,88.51808501,88.50274546,88.49770355,88.50809985,88.53917937,88.59077804,88.66273182,88.75487663,88.82016092,88.88500448,
Arab World,52.44143058,52.73816843,53.04285261,53.3521914,53.66387699,53.98200029,54.31160236,54.6554574,55.01213065,55.35959816,55.59209773,56.0520809,56.76097789,57.57471356,58.02782389,58.35171227,58.5622938,58.68089416,58.78470253,58.89628794,59.08996899,59.11248471,59.33393251,59.5699408,59.81987524,
United Arab Emirates,79.28709248,79.74690026,80.27056029,80.84894327,81.47291993,82.21228328,82.55889686,82.7586085,82.96589635,83.1701993,83.37142991,83.56950078,83.76432448,83.95581358,84.14388068,84.32843835,84.50939917,84.68667572,84.86018058,85.02982634,85.19552557,85.35719085,85.51473477,85.6680699,85.81710883,
Argentina,89.17602711,89.36829513,89.56167019,89.75246826,89.93972088,90.12337377,90.30337265,90.47966323,90.65219121,90.82090232,90.99300519,91.10722867,91.20412172,91.30145077,91.39753455,91.49230191,91.58568172,91.67760284,91.76799413,91.85678445,91.94390266,92.02927762,92.11283819,92.19451323,92.2742316,
Armenia,64.95923792,64.82281238,64.7396212,64.66635375,64.59726336,64.53342106,64.47589787,64.42576479,64.38409284,64.35195304,64.3304164,64.32074491,64.32683795,64.35840611,64.41429342,64.49296234,64.59287533,64.71249486,64.85028338,65.00470336,65.17421725,65.35728753,65.56244629,65.6956882,65.81136714,
American Samoa,88.60758093,88.55343306,88.43300933,88.2572251,88.03614553,87.77983577,87.49836099,87.20178634,86.90017697,86.60359804,86.31906735,86.02849917,85.71611743,85.38464652,85.0351448,84.66867065,84.28628244,83.88903854,83.47799733,83.05421718,82.62407806,82.21270915,81.7947977,81.37215427,80.9446987,
Antigua and Barbuda,32.2326072,31.75543482,31.22803749,30.60037434,29.90556672,29.17379957,28.43525787,27.72012658,27.05859066,26.48083508,26.01704479,25.69468986,25.45556186,25.24756677,25.08997261,25,24.92398075,24.85002638,24.77814321,24.70833752,24.64061563,24.57498382,24.5114484,24.45001567,24.39069193,
Australia,85.10716086,85.14810942,85.28421028,85.40970778,85.51876761,85.61908712,85.74925443,85.89685196,86.0253817,86.12781391,86.21986005,86.32689461,86.44512591,86.57405158,86.72212893,86.87786425,87.01662952,87.12809266,87.22676808,87.30196479,87.27134705,87.23534076,87.33432683,87.48669557,87.602147,
Austria,66.7690239,66.84081613,66.88874571,66.9263575,66.95586129,66.97979507,67.00069681,67.02110449,67.04355608,67.07058957,67.10474293,67.14842554,67.20859098,67.29813088,67.41543276,67.55761755,67.72180619,67.90511961,68.10467872,68.31760448,68.54101779,68.7736017,68.99808513,69.22653583,69.46581811,
Azerbaijan,51.13208389,51.1584816,51.2144165,51.72579956,52.28319931,52.50285339,52.65401459,52.82815552,53.0633049,53.13581254,53.28483677,53.50854619,53.80764423,54.18210874,54.63191759,55.15704863,55.75747972,56.43318871,57.18415347,58.1308192,58.29346918,58.36599697,58.43828159,58.50753505,58.57379584,
Burundi,8.043814498,8.241073087,8.451082774,8.676143394,8.918554779,9.180616762,9.464629178,9.772891857,10.10643534,10.49799004,10.98430973,11.56166522,12.22445968,12.96709627,13.78397817,14.66950855,15.61809056,16.62412739,17.6820222,18.78617815,19.93099843,21.11088619,22.3202446,23.55347684,24.83028387,
Belgium,82.01525204,82.33568939,82.65096633,82.96095388,83.26552308,83.56454497,83.85789059,84.14543096,84.42703712,84.70258011,84.97193096,85.2349607,85.49154038,85.74154102,85.98483367,86.22128935,86.4507791,86.67317395,86.88834495,87.09616312,87.2964995,87.43055641,87.48920027,87.55149264,87.6126557,
Benin,38.27595173,38.61862577,39.00350699,39.4169696,39.85256991,40.3097749,40.78777941,41.28577826,41.80296627,42.33853829,42.89168912,43.46161361,44.04750658,44.65028837,45.28805292,45.94074033,46.6094559,47.29427749,47.99528293,48.71255006,49.44615672,50.19618076,50.9627,51.7457923,52.54553548,
Burkina Faso,18.00035033,18.85914521,19.72505358,20.56332726,21.33921808,22.01797784,22.55283069,22.97417608,23.36337478,23.74523256,24.1150925,24.46829768,24.80019121,25.10611615,25.3814156,25.62143265,25.82151037,25.97699187,26.08322022,26.11872544,26.35783736,26.81143077,27.27913697,27.78724784,28.33525149,
Bangladesh,23.3145115,23.69992148,24.11323835,24.55255575,25.00948099,25.47695407,25.947915,26.41530378,26.87206041,27.31112491,27.72543726,28.11001627,28.47879729,28.84070361,29.19444423,29.53950995,29.87539155,30.20157984,30.5175656,30.82283963,31.11689273,31.39921569,31.67373473,32.1578465,32.67831963,
Bulgaria,68.26314545,69.19671198,69.48591614,69.78084564,69.91933441,70.08695984,70.50752258,70.68441772,70.90209961,71.30173492,71.51493073,72.61016539,72.76848602,72.96328216,73.08448792,73.10305786,73.17500305,73.39045715,73.6002121,73.7162323,73.32398987,73.34676562,73.4799164,73.73226716,73.94993569,
Bahrain,87.83562096,87.83971462,88.14278676,88.83253397,89.8569006,91.1681655,92.71860754,94.46050556,96.34613842,98.32778499,100,100,100,100,100,100,100,100,100,100,100,100,100,100,100,
"Bahamas, The",81.03611616,81.15272052,81.30542068,81.48196146,81.67084109,81.8605578,82.03960984,82.19649543,82.31971281,82.39776021,82.41981044,82.41303475,82.39474853,82.36357911,82.3180931,82.25685714,82.17843786,82.08140187,81.96431582,81.82574633,81.66426002,81.47842353,81.3200717,81.32137992,81.3249263,
Bosnia and Herzegovina,42.55398986,42.87614784,43.19755857,43.51819932,43.83804735,44.15707993,44.47527433,44.7926078,45.10905762,45.42460104,45.73921533,46.05287776,46.3655656,46.69542247,47.13078348,47.57116451,48.02488458,48.49184018,48.97192783,49.465044,49.97108521,50.48994795,51.02152871,51.56572398,52.12243028,
Belarus,69.91722954,70.31472015,70.88047028,71.30924225,71.76585388,72.03101349,72.61138153,73.09134674,73.55316925,74.19096466,74.55014038,75.05975342,75.52810669,75.94970703,76.34052277,76.62638855,76.84587097,77.02082062,77.21327209,77.45507719,77.78903858,78.1310868,78.47327879,78.81464207,79.15510152,
Belize,47.68368475,47.62579932,47.48650099,47.2806246,47.02266559,46.7271194,46.40848146,46.08124721,45.75991207,45.45897149,45.19148382,44.94178191,44.6903068,44.43805424,44.18501618,43.93118459,43.67655143,43.42110867,43.16484828,42.90776222,42.64984244,42.39108092,42.13732513,41.94594375,41.75321073,
Bermuda,100,100,100,100,100,100,100,100,100,100,100,100,100,100,100,100,100,100,100,100,100,100,100,100,100,
Bolivia,61.85872016,62.33748104,62.81876321,63.29187111,63.75646716,64.21330622,64.66314314,65.10673278,65.54483,65.97818964,66.40756657,66.83371563,67.25814448,67.66970555,68.03742541,68.39580513,68.74463279,69.08380163,69.41338798,69.73349867,70.04426355,70.34504128,70.63525987,70.9151414,71.23614538,
Brazil,81.14843654,81.59604506,81.99434915,82.35403358,82.68168248,82.98387996,83.26721014,83.53825713,83.80360506,84.06983803,84.34384604,84.62257586,84.89738742,85.16765854,85.43313679,85.69356971,85.94870484,86.19828976,86.44207199,86.67979911,86.91121865,87.13607817,87.34955624,87.61597102,87.89585495,
Barbados,62.53793978,62.30489111,61.96557791,61.55438613,61.10197123,60.63898871,60.19609405,59.80394272,59.49319022,59.29449202,59.2366009,59.23669321,59.23721511,59.23853708,59.24103134,59.24507009,59.25102553,59.25926987,59.27017531,59.28411406,59.30145833,59.32203654,59.35385141,59.42357402,59.53970324,
Brunei Darussalam,71.22468055,71.65788334,72.10215565,72.57763565,73.06750673,73.55287086,74.01482999,74.4344861,74.79294114,75.07129709,75.2506559,75.3121255,75.27142335,75.17569151,75.05726398,74.94846206,74.88160706,74.84764407,74.81724717,74.79233118,74.77481089,74.76673169,74.7772642,74.81991939,74.89831339,
Bhutan,27.59152399,28.28250183,28.9630875,29.63286087,30.29140182,30.93799178,31.56649459,32.17382166,32.76371955,33.3396805,33.90519678,34.46376067,35.01886442,35.57400032,36.13266061,36.69833757,37.27452346,37.8645545,38.46618928,39.07468234,39.68888399,40.30751999,40.93651436,41.7352458,42.56452498,
Botswana,53.20477274,54.04898944,55.01429886,56.09792335,57.25824893,58.45355547,59.64212281,60.78223083,61.83215937,62.7501883,63.49459747,64.01878107,64.39932478,64.75797355,65.09651224,65.41035843,65.69492969,65.94564357,66.15791765,66.32716948,66.44881665,66.51827671,66.58897872,67.02126553,67.46235378,
Central African Republic,37.70148798,37.75602362,37.8169753,37.88631719,37.96268894,38.04485104,38.13443368,38.23433394,38.34744892,38.4766757,38.62449631,38.80306695,39.0301696,39.30429635,39.62265219,39.98244213,40.38087117,40.81514434,41.28246662,41.78004304,42.30507859,42.85477829,43.27519675,43.69836921,44.12435556,
Canada,78.62929955,78.84147649,79.09902348,79.39138067,79.69230633,79.97606159,80.2190661,80.44256151,80.66289449,80.85918389,81.01208923,81.10314254,81.15134832,81.18343996,81.21118316,81.24656703,81.30230111,81.40189458,81.55003416,81.7363672,81.95098887,82.17792791,82.35008974,82.52505644,82.70025658,
Central Europe and the Baltics,61.4406529,61.53027767,61.58399359,61.57126837,61.57451842,61.66843767,61.75982962,61.76293282,61.87484089,61.90707561,61.98313328,62.00629955,61.97393247,61.96170311,61.96329497,61.97088776,61.9025261,61.87157566,61.81110434,61.74495265,61.63182477,61.54910995,61.59352403,61.69707903,61.79767125,
Switzerland,73.30243052,73.37629926,73.41953241,73.45187622,73.47613175,73.49510009,73.51158232,73.52837951,73.54829274,73.57412309,73.60867164,73.65058749,73.75226296,74.11213848,74.74026791,75.60449601,76.67266758,77.91262737,79.29222016,80.77929073,82.34168385,84.20064776,84.92062663,85.18542127,85.461537,
Channel Islands,30.45654257,30.49170136,30.5750453,30.71479956,30.89599884,31.10675649,31.33507708,31.56924153,31.79721921,32.00701881,32.18682291,32.32633502,32.44143346,32.54322518,32.62755953,32.69077843,32.74262597,32.78532194,32.8125992,32.8235411,32.8247185,32.81481411,32.79204391,32.7554338,32.70562112,
Chile,86.27109125,86.49063459,86.61141151,86.6792973,86.73367545,86.77682445,86.81251234,86.84450716,86.87657694,86.91248973,86.95601356,87.01091647,87.08249437,87.18277777,87.31337015,87.46533203,87.63062906,87.80002958,87.96204938,88.12736856,88.29534904,88.46605117,88.63953528,88.81586172,88.99509085,
China,36.43202347,37.65974426,39.08978271,40.53023148,41.76001358,42.98999786,44.34300995,45.88924408,46.98950577,48.34170532,49.23402706,51.83002853,53.10031128,54.49000168,55.75025558,57.32978439,58.83992386,60.24026871,61.50019836,62.70991516,63.52342303,64.72107697,65.21763611,65.5301448,65.8946981,
Cote d'Ivoire,43.0840065,43.4670149,43.85903215,44.25937442,44.66735789,45.08229874,45.50351317,45.93031734,46.36202744,46.79795965,47.23743015,47.67975513,48.12425076,48.57023322,49.01731446,49.46948947,49.92999103,50.39773097,50.87184778,51.35147998,51.83576608,52.3183462,52.84925497,53.40752016,53.97331139,
Cameroon,46.24498294,46.76275091,47.25892425,47.73255236,48.1826846,48.58378524,49.20441734,49.70270286,50.08583253,50.47141313,50.85050754,51.2229843,51.588712,51.94755919,52.29939444,52.64408631,52.98150338,53.31151421,53.63398737,53.94879141,54.25579492,54.55486645,54.84587457,55.12868785,55.40317486,
"Congo, Dem. Rep.",34.90087526,35.41535268,35.93706439,36.46546272,37,37.40187386,37.80248271,38.20178134,38.59972452,38.99626705,39.39136371,39.78496928,40.17703856,40.56752632,40.95638735,41.34357644,41.72904838,42.11275794,42.49465992,42.87470909,43.25286025,43.62906818,44.00328766,44.37547349,44.74558044,
"Congo, Rep.",58.89473803,59.44178591,59.97160669,60.46945838,60.92059902,61.31028664,61.62377926,61.85025634,62.03548157,62.21722947,62.39228711,62.55975081,62.71871691,62.86828172,63.00754156,63.13559276,63.25153165,63.35445453,63.44345775,63.51763761,63.57609045,63.61791258,63.64220033,63.66267576,63.88661117,
Colombia,74.34935702,74.79383717,75.19244436,75.53418286,75.80805695,76.0049389,76.16191919,76.31440388,76.45967618,76.59641458,76.72329757,76.83900361,76.9422112,77.03159882,77.10584494,77.16362805,77.20362664,77.22451917,77.28048166,77.45955285,77.63825335,77.83395703,78.04646331,78.27557158,78.52108119,
Comoros,28.03605122,27.99028866,27.95862671,27.94488646,27.95963002,28.01689521,28.1143216,28.24933214,28.41934981,28.62179754,28.85409829,29.11367503,29.39795069,29.70434825,30.03029066,30.37320086,30.73050182,31.09965597,31.40736452,31.72875841,32.06380722,32.41244443,32.77460355,33.15021809,33.53922157,
Cabo Verde,53.93321492,54.77621723,55.5703408,56.3297072,57.0677167,57.79776958,58.53326609,59.28760652,60.07419112,60.90642018,61.79742627,62.7419929,63.72604545,64.74862075,65.80851127,66.90450948,68.03540784,69.19999882,70.39707488,71.62542851,72.88385216,74.16079309,75.03373806,75.90642458,76.7721471,
Costa Rica,59.0462379,60.14276004,61.27876336,62.45180593,63.65960135,64.89986322,66.17030512,67.46864065,68.79258339,70.13984695,71.5081449,72.84265867,73.38950207,73.94317762,74.48669632,75.01981958,75.54230881,76.05392543,76.55443084,77.04358647,77.52115373,77.98689402,78.44056876,78.88193936,79.31076724,
Caribbean small states,51.42604171,51.41434618,51.37801859,51.30013357,51.17362468,50.94938877,50.77018574,50.59172189,50.42014408,50.26492289,50.15130145,50.12493597,50.14468184,50.15075391,50.1596535,50.1679113,50.17312988,50.17829635,50.09548172,50.06134489,50.1148273,50.12354191,50.13144487,50.10208893,50.09994257,
Cuba,75.63538361,75.88756561,75.85148911,75.86366387,75.91768166,76.00333195,76.11215311,76.23568347,76.36546138,76.49302519,76.60991325,76.7076639,76.77769201,76.81640625,76.84424591,76.87028503,76.91158295,76.96032715,77.01563263,77.07282257,77.10803223,77.09877014,77.10560608,77.12598723,77.16649292,
Curacao,90.86921457,91.06014706,91.09703165,91.12782674,91.15340531,91.17469236,91.19261291,91.20809198,91.22205456,91.23542567,91.24913033,91.26394162,91.27913006,91.29387859,91.30820308,91.32204716,91.33535446,91.34806859,91.36013317,91.37149182,91.38208817,91.39186583,91.40076844,91.40809293,91.43218124,
Cayman Islands,100,100,100,100,100,100,100,100,100,100,100,100,100,100,100,100,100,100,100,100,100,100,100,100,100,
Cyprus,68.77269668,68.80240681,68.78635894,68.71209732,68.59081414,68.43406742,68.25341517,68.0604154,67.86662613,67.68360538,67.52291116,67.39798928,67.30102891,67.21023336,67.12305588,67.04024779,66.96256041,66.89074506,66.82555305,66.76773571,66.71804435,66.67183654,66.66948294,66.67394775,66.68242592,
Czechia,74.00382565,73.91317525,73.83600676,73.76491502,73.69916472,73.63755454,73.57888319,73.52194936,73.46555174,73.40848903,73.34955992,73.28783384,73.22492396,73.16221869,73.0995921,73.03704429,72.97457534,72.91218536,72.84987444,72.78764267,72.72549016,72.68105944,72.69676384,72.73523884,72.79479846,
Germany,80.09421609,80.10708083,80.12139738,80.13731163,80.15496949,80.17451685,80.19609961,80.21986366,80.24595491,80.27451924,80.30570256,80.34057629,80.39344752,80.47323184,80.57574024,80.69743716,80.83478707,80.9842544,81.14230362,81.30539917,81.4700055,81.63258707,81.78678528,81.90343667,82.02114326,
Djibouti,73.34863616,72.89353273,72.45033576,72.03044141,71.64524578,71.306145,71.02453521,70.81181252,70.67937306,70.63832516,70.64865548,70.67765325,70.72663113,70.79693313,70.88990322,71.00688539,71.14922363,71.31826193,71.51534428,71.74181466,71.99901705,72.28829546,72.61099385,72.8408246,72.90526351,
Dominica,65.23527443,65.35860679,65.52092504,65.72441631,65.96530938,66.24007249,66.54517388,66.87708178,67.23226444,67.60719009,67.99832699,68.39781656,68.75460934,69.1197042,69.49078471,69.86791535,70.25116057,70.64058486,71.03625268,71.43822849,71.84657678,72.261362,72.68264864,73.11050114,73.544984,
Denmark,85.09999847,85.18830788,85.30000305,85.41999817,85.71302769,86.00597068,86.25012881,86.42514644,86.58313751,86.76176531,86.865242,87.1567654,87.23361969,87.54365248,87.68239857,87.72540566,87.69999695,88.01619438,88.10597623,88.20964908,88.23944855,88.26164493,88.38802398,88.55263854,88.69605527,
Dominican Republic,61.31285492,62.29794503,63.29140225,64.42619713,65.89140852,67.57591805,69.33385371,71.0193435,72.48651543,73.58949749,74.16427732,74.24403895,74.239868,74.225136,74.19315338,74.1372306,74.05067807,73.92680625,73.75892557,73.54034647,73.26437938,72.92433474,72.42031556,72.35779918,72.41218748,
Algeria,59.85212394,60.61771728,61.38126586,62.1427908,62.9023132,63.65985419,64.41543486,65.16907633,65.90148587,66.50973846,67.12350579,67.73440075,68.34212586,68.94638361,69.54687652,70.14330709,70.73537783,71.32279124,71.90524985,72.48245614,73.05411263,73.61992183,74.17958624,74.73280836,75.27929072,
East Asia & Pacific (excluding high income),36.70985689,37.78418551,38.99628423,40.21208397,41.2783335,42.33969148,43.47697306,44.73530955,45.69334966,46.83443552,47.65608124,49.61404887,50.67570554,51.81221907,52.85657561,54.11146568,55.31861152,56.46546383,57.65027054,58.65556928,59.37052456,60.35261317,60.85939686,61.22764635,61.61255379,
Early-demographic dividend,38.08038177,38.4624516,38.84499977,39.23722449,39.64074349,40.04911996,40.45967609,40.8566742,41.28946694,41.72085341,42.13251533,42.55386929,43.0048414,43.52322981,44.00738004,44.45032339,44.80979685,45.12493606,45.43497729,45.76495961,46.08124523,46.37526008,46.69692434,47.0167431,47.34444447,
East Asia & Pacific,41.63434131,42.61548947,43.76848532,44.95131091,46.01391338,47.04084998,48.11785182,49.30491094,50.21786798,51.26916036,52.01870367,53.76520479,54.69996401,55.6959159,56.61267947,57.72331434,58.79219423,59.80370838,60.85152598,61.74355601,62.37414181,63.23519298,63.68282444,64.02443709,64.37440312,
Europe & Central Asia (excluding high income),56.73375042,57.04032508,57.37930574,57.75929915,58.14438687,58.5206845,58.92202417,59.32456546,59.76263037,60.22280458,60.72510704,61.32147734,62.26695315,63.85000396,65.56559959,66.81358449,67.20287418,67.29084252,67.44649929,67.75170862,67.95471779,68.15042546,68.16289393,68.16215494,68.27318867,
Europe & Central Asia,68.65697333,68.86628709,69.05784813,69.24840248,69.40431668,69.56565453,69.7661316,69.96757386,70.16428876,70.35233181,70.58313962,70.81552936,71.15049378,71.67864575,72.23738947,72.6866697,72.93032055,73.03961434,73.18036559,73.36267126,73.49563501,73.62258644,73.72926827,73.8432015,73.97019769,
Ecuador,60.68650051,61.0123544,61.28712681,61.54184699,61.78295733,62.00687041,62.20999884,62.38875521,62.5395521,62.65880212,62.74052586,62.79490535,62.84087328,62.88372866,62.92324322,62.95918868,62.99133676,63.01945918,63.04332768,63.06271397,63.07738978,63.08712682,63.09018359,63.13077296,63.23769324,
"Egypt, Arab Rep.",42.73393989,42.78355068,42.83476295,42.88346855,42.92555934,42.95692714,42.97299917,42.97296663,42.96089891,42.93834706,42.90571755,42.86341685,42.81185141,42.75142772,42.68255223,42.60563141,42.52107173,42.44860087,42.45771774,42.48120273,42.51815346,42.56860626,42.6325129,42.7098115,42.80043639,
Euro area,73.62058693,73.87456341,74.06398443,74.22589814,74.37668557,74.53522201,74.68582662,74.81351547,74.91465579,75.03840891,75.19514853,75.30679453,75.46870252,75.68336918,75.86975741,76.08236209,76.34907421,76.47374065,76.63462523,76.80772806,76.92318967,77.03332779,77.15445778,77.27595995,77.40225829,
Eritrea,34.09836197,34.3253212,34.54207993,34.74512863,34.9324646,35.10220337,35.2525177,35.38209534,35.48971176,35.57420349,35.634655,35.67062759,35.68242645,35.67133331,35.63972092,35.59100723,35.52542877,35.44271469,35.34510422,35.23523331,35.11613846,34.98711395,34.84692764,34.6964035,34.53655243,
Spain,76.16505523,76.31568895,76.49342172,76.70933559,76.95496275,77.22068019,77.49686488,77.77389379,78.0421439,78.29199219,78.51381562,78.69539796,78.84556803,78.98580869,79.11967138,79.24548927,79.36159553,79.46632331,79.55800578,79.63497611,79.69556746,79.7846243,79.95487946,80.128491,80.31519982,
Estonia,67.38552907,67.39264563,67.4090871,67.43417603,67.46735145,67.50805236,67.55571775,67.60978664,67.66969802,67.7348909,67.80480429,67.87755563,67.96295933,68.09234583,68.26683828,68.47966097,68.72403818,68.99319419,69.28035329,69.57873977,69.88157789,70.17772741,70.48923337,70.67700855,70.69811615,
Ethiopia,14.91930962,15.11776733,15.33323383,15.54385376,15.7585907,15.98296738,16.21484756,16.09483303,16.79367065,17.15110016,17.49378395,17.86379051,18.2061367,18.61551476,19.02628708,19.4515667,19.87636185,20.30848503,20.78380966,21.24867058,21.62600517,22.10670853,22.73676872,23.05864716,23.62228394,
European Union,71.51997365,71.7569992,71.94461619,72.08885097,72.23088731,72.40023517,72.56149207,72.6886303,72.82139882,72.94684696,73.10923312,73.21620961,73.35266562,73.53767766,73.69831652,73.87437427,74.08907728,74.19407991,74.3251512,74.45964915,74.54998022,74.64693535,74.76596039,74.89435027,75.03001,
Fragile and conflict affected situations,38.77607698,39.05895078,39.32246926,39.59000646,39.8696489,40.14143118,40.39743676,40.6084866,40.92860638,41.2204354,41.52024139,41.86925575,42.33289265,42.85042769,43.22054426,43.52104849,43.81280759,44.10561094,44.39068252,44.65347247,44.93462921,45.24308179,45.52641383,45.77810848,46.1538253,
Finland,67.12276853,67.49823928,67.79516416,68.04255491,68.27665968,68.51405295,68.75882798,69.02003773,69.29436722,69.54625997,69.78557988,70.05832619,70.36613632,70.67421182,70.98791689,71.305493,71.61583834,71.95630383,72.34234677,72.74312144,73.08494398,73.37102158,73.69675978,74.00625486,74.26371905,
Fiji,48.06498809,48.42879146,48.77951391,49.12604949,49.47729222,49.84213613,50.22947527,50.64945698,51.09797526,51.56280132,52.04151478,52.53354495,53.03832113,53.55527263,54.08382875,54.62341881,55.1734721,55.74083434,56.23283474,56.70989552,57.18668469,57.66183648,58.13527015,58.60690497,59.07666023,
France,76.51439831,76.90744136,77.25438666,77.4691216,77.49005,77.43633151,77.34672401,77.24579766,77.15619016,77.10053918,77.09628448,77.11827174,77.16694649,77.24407215,77.35242968,77.76109192,78.59991147,78.6467804,78.67144325,78.68907845,78.71191318,78.73646034,78.75919211,78.78043231,78.7999751,
Faroe Islands,35.69867706,35.93421555,35.93654251,36.1276474,36.31798553,36.33205795,36.4584198,36.29298782,36.46792221,36.8888092,37.25369263,37.29759598,37.32449722,37.74148178,37.9093895,38.14315033,38.32002258,38.33246994,38.40588379,38.39456558,38.66899872,38.80837631,38.99598245,39.19752701,39.41323259,
"Micronesia, Fed. Sts.",22.32999992,22.32999992,22.32999992,22.32999992,22.32999992,22.32999992,22.32751404,22.32083245,22.31111925,22.2995385,22.29035299,22.29146641,22.29425688,22.2986324,22.30461931,22.31223361,22.32148961,22.33240119,22.34498204,22.35924578,22.375206,22.39287629,22.41227018,22.43340125,22.45628302,
Gabon,79.56604047,80.40909934,81.22052419,81.99708301,82.73554382,83.43267464,84.08524347,84.69001834,85.24376725,85.74325821,86.18525925,86.56653837,86.88386358,87.14824807,87.6236018,88.08530838,88.54458834,89.00097333,89.453995,89.90318502,90.34807504,90.78819673,91.22433555,91.63759628,91.86320947,
United Kingdom,79.82414083,79.98383013,80.11460627,80.23315933,80.34232849,80.44559381,80.54643536,80.6483332,80.75476739,80.86921801,80.99516512,81.13596856,81.29056678,81.45737687,81.63557508,81.82437723,82.02299917,82.23065673,82.44656576,82.66994207,82.90000153,82.98864315,83.0753983,83.16019329,83.24295444,
Georgia,52.49359996,52.4098165,52.4127676,52.51447057,52.71731993,53.00362806,53.35939165,53.77060739,54.22327198,54.70338211,55.19693447,55.68992576,56.16835268,56.6182119,57.0237613,57.38038005,57.6984032,57.99968272,58.30381819,58.63040918,58.99905528,59.42935606,60.01016227,60.75230778,61.07896051,
Ghana,43.93737866,44.64105073,45.34846921,46.05479736,46.75720045,47.45284378,48.13889262,48.81251227,49.47086799,50.11112509,50.72969268,51.33040866,51.91979184,52.49857945,53.06633988,53.62264152,54.16705276,54.69914198,55.21847757,55.72462791,56.2171614,56.69525568,57.2506096,57.80747378,58.3654868,
Gibraltar,100,100,100,100,100,100,100,100,100,100,100,100,100,100,100,100,100,100,100,100,100,100,100,100,100,
Guinea,30.92311056,31.21769484,31.51313621,31.8086015,32.10325756,32.39627122,32.6868093,32.97403866,33.25712612,33.53523852,33.80754269,34.07320547,34.33139369,34.5812742,34.81779208,35.03731918,35.31002808,35.58273315,35.85543823,36.12815475,36.48022081,36.85021784,37.23849675,37.6454084,38.07130367,
"Gambia, The",46.97223329,48.34919798,49.57311534,50.6010078,51.50620226,52.35821327,53.16032854,53.91961094,54.64312335,55.33792863,56.01108966,56.6696693,57.32073042,57.97030561,58.61417997,59.24584994,59.86524725,60.47171266,61.06458693,61.64321085,62.20692517,62.75507066,63.2869881,63.80201825,64.29941034,
Guinea-Bissau,36.84120544,37.16278394,37.47349244,37.77730557,38.078198,38.38014437,38.68711932,39.0030975,39.33205357,39.67164342,40.00955963,40.43911362,40.86860275,41.29763794,41.72719955,42.15681458,42.58610916,43.01557922,43.44490814,43.8745575,44.30383301,44.7334137,45.16271591,45.59238434,46.11320442,
Equatorial Guinea,38.81545871,38.86383654,39.19691504,39.89590249,40.93040097,42.28145972,43.93012797,45.85745495,48.04448991,50.47228206,53.12188065,55.97433491,59.01069407,62.21200736,65.55932402,68.95127062,69.25326985,69.55160191,69.83966237,70.11754195,70.38533142,70.6431215,70.89100294,71.12906649,71.35740287,
Greece,72.66564291,72.84607038,73.09771096,73.43226802,73.82676029,74.26173767,74.71775006,75.17534735,75.61507946,76.01749627,76.3631477,76.63526099,76.86797974,77.09519997,77.31304863,77.51944263,77.71229888,77.88953426,78.04906568,78.18881005,78.30668425,78.38848986,78.5502191,78.77463038,78.99678565,
Grenada,35.8702371,35.91999739,35.91991799,35.91943852,35.91819584,35.91582608,35.91196538,35.90624988,35.89831572,35.88779903,35.87433595,35.86010911,35.86527558,35.87922426,35.90146243,35.93194911,35.97060142,36.01732964,36.07204214,36.13464657,36.20505025,36.28316037,36.36888402,36.46212824,36.56280005,
Greenland,81.45178223,81.79061127,82.07528687,82.34859467,82.56343079,82.68991089,82.84719849,83.2039566,83.62182617,83.85561371,84.27848816,84.5286026,84.88645935,85.37258911,85.67723846,86.04625702,86.22610474,86.39155579,86.72509766,87.02178955,87.2840882,87.54520176,87.80494053,88.06311477,88.31953479,
Guatemala,43.24347551,44.6780956,45.77547319,46.58653897,47.32681949,48.05579516,48.76763562,49.45651051,50.11658945,50.74204209,51.32703806,51.86574699,52.35233852,52.78098228,53.1458479,53.44110503,53.66092329,53.79947231,53.8459623,54.18822673,54.54831679,54.90470716,55.25812282,55.60823196,55.95470273,
Guam,93.13953162,93.27810716,93.41662195,93.55028706,93.67583265,93.78998883,93.88948576,93.97105357,94.03142239,94.06732236,94.07651733,94.07710544,94.07772767,94.07827514,94.07874768,94.07914511,94.07946726,94.07971395,94.079885,94.07998025,94.08049911,94.08843277,94.10682618,94.13493416,94.17263466,
Guyana,28.76103906,28.61946272,28.47967768,28.30834725,28.06688502,27.77585507,27.46045823,27.14589534,26.8573672,26.62007465,26.45921851,26.39999962,26.39999962,26.40038914,26.4018152,26.40439183,26.40808929,26.41290555,26.41883785,26.42588348,26.43403974,26.44330396,26.45367351,26.46514573,26.47771799,
High income,76.12435871,76.38358047,76.70572876,77.06063838,77.40959749,77.7101607,77.99066581,78.25861619,78.49979727,78.68680433,78.84958562,78.9755394,79.07613389,79.1842547,79.28166928,79.38737746,79.49953547,79.56463616,79.62452416,79.68684676,79.74252722,79.80876493,79.90463089,80.01749979,80.13222522,
"Hong Kong SAR, China",100,100,100,100,100,100,100,100,100,100,100,100,100,100,100,100,100,100,100,100,100,100,100,100,100,
Honduras,45.32333544,45.86230336,46.41941901,46.9901846,47.57397761,48.17038842,48.77900742,49.39942502,50.03123161,50.67401757,51.32737332,51.99088923,52.66415571,53.35637913,53.87680891,54.38284738,54.88684146,55.38773223,55.88525777,56.37915614,56.8691654,57.35502364,57.8364689,58.31323927,58.78507281,
Heavily indebted poor countries (HIPC),28.2569513,28.59691424,28.91552526,29.22321687,29.546253,29.87569111,30.22517737,30.54075457,30.97640218,31.36783666,31.76832382,32.17635885,32.58419258,33.01262574,33.45444442,33.88110072,34.31123194,34.74910171,35.19611081,35.61384604,36.03005938,36.47249906,36.94724795,37.38967172,37.86806789,
Croatia,55.68183193,55.69138291,55.67454686,55.63869602,55.58908787,55.53072175,55.46859697,55.40771287,55.35306878,55.30966403,55.28249793,55.27737933,55.30428886,55.36594797,55.45918349,55.58125945,55.72943986,55.90098874,56.0931701,56.30324796,56.52848634,56.76835026,56.99775717,57.24315607,57.51589817,
Haiti,36.84084979,38.38718326,39.97089851,41.20076033,41.87057463,42.57917719,43.28464449,43.9866172,44.68473595,45.3786414,46.06797418,46.75237495,47.43148435,48.10494302,48.77239162,49.43347078,50.08782115,50.73508338,51.37489811,52.006906,52.63074767,53.24606379,53.852495,54.44968193,55.03726525,
Hungary,64.26023444,64.64688028,65.04000092,64.84529877,65.02253723,66.12613678,67.01558685,67.00416565,68.09769861,68.45925903,69.5305481,69.47799341,69.57723267,69.92776363,70.30710535,70.48477173,70.47338104,70.45425415,70.47117615,70.45652771,70.29173279,70.20592753,70.15850642,70.29230269,70.49182594,
IBRD only,43.66670239,44.29058458,44.97547581,45.6701134,46.29379056,46.91456937,47.5769747,48.29610476,48.89034669,49.56934833,50.10802086,51.14708548,51.78552034,52.49990144,53.18372168,53.93328683,54.60152072,55.22222279,55.85983926,56.42848524,56.8651715,57.41873414,57.7552338,58.03074705,58.32595212,
IDA & IBRD total,40.61739052,41.16786183,41.76658158,42.37626408,42.93648457,43.4950448,44.0849273,44.7090025,45.24337668,45.82911686,46.30312483,47.15901746,47.72413392,48.35162871,48.93360697,49.5541696,50.116143,50.64358847,51.18197013,51.66408439,52.04413317,52.50674102,52.81486439,53.08080123,53.36734237,
IDA total,29.90055533,30.32803389,30.77136166,31.23673308,31.72617807,32.22300941,32.72711438,33.20496584,33.70587694,34.15219636,34.5794774,35.02578884,35.50890706,35.99723528,36.40616208,36.78750129,37.19158341,37.6103588,38.04028335,38.46682132,38.89191172,39.32196358,39.77080126,40.2218272,40.68447744,
IDA blend,37.10260161,37.60774262,38.14499504,38.70460423,39.27120381,39.83487782,40.38882502,40.88890516,41.34464403,41.7469202,42.11519975,42.5084885,42.91593232,43.32757563,43.75247513,44.19017065,44.65002512,45.11442595,45.57670653,46.05432337,46.56859049,47.09493229,47.63301292,48.17736732,48.69583591,
Indonesia,41.98615406,42.90188952,43.7824069,44.63017615,45.44767364,46.23737576,47.00175887,47.74329936,48.4644736,49.16775798,49.85213751,50.48300171,51.15939331,51.83074951,52.50021362,53.17207718,53.81255722,54.45410156,55.09568405,55.73820496,56.27852876,56.87617025,57.49347042,58.11793534,58.75096354,
IDA only,26.0608753,26.43456073,26.82342453,27.23527331,27.67505466,28.12863122,28.60017624,29.05425236,29.56453399,30.02041928,30.46643668,30.9333638,31.45521811,31.98242004,32.3834468,32.73809769,33.12183162,33.52668261,33.95006277,34.3625497,34.75242382,35.14061655,35.55113392,35.96579127,36.41359446,
Isle of Man,51.82808876,51.82677264,51.72940508,51.53890946,51.3260536,51.16083821,51.11487124,51.23534811,51.46836631,51.73053754,51.93961703,52.02463241,52.05553173,52.08041071,52.09979134,52.11648405,52.13315322,52.14984157,52.16518939,52.17898982,52.19095198,52.19995597,52.19556092,52.18325717,52.16334058,
India,27.64704075,27.90286521,28.17568789,28.46602877,28.77260672,29.09454972,29.43098571,29.78104268,30.14384859,30.5185314,30.90421908,31.27465029,31.58989356,31.90967892,32.22882334,32.547299,32.8650781,33.18213282,33.49843535,33.81395788,34.12867261,34.44255172,34.7555674,35.06769184,35.37889724,
Not classified,,,,,,,,,,,,,,,,,,,,,,,,,,
Ireland,59.12479979,59.37639236,59.636726,59.91201426,60.19947509,60.4882988,60.77036774,61.06019794,61.35819039,61.64210227,61.89106893,62.08727358,62.25293185,62.40471578,62.53540173,62.63921235,62.72293991,62.90351965,63.08445035,63.27370092,63.47133667,63.67742294,63.89202502,64.11520825,64.34703793,
"Iran, Islamic Rep.",64.47801208,65.21686554,65.92716217,66.60492706,67.25673676,67.87088013,68.31018505,68.80618993,69.3790073,69.99007684,70.60926268,71.20405094,71.7633634,72.30308735,72.83240704,73.35614036,73.87961001,74.40118408,74.80342865,75.20388794,75.59864044,75.99263763,76.33422089,76.67595673,77.02012634,
Iraq,67.63319138,67.75194152,67.89381017,68.05212718,68.22022238,68.39142562,68.55906673,68.71647554,68.8569819,68.97423285,69.05829534,69.12522339,69.22222137,69.44445038,69.66666412,69.9205246,69.91237783,69.89445112,69.87651489,69.86833954,69.86831665,69.86827087,69.86828613,69.8682785,69.88614941,
Iceland,91.9674192,92.04523046,92.16740226,92.32355593,92.43772934,92.37744102,92.1949009,92.36145717,93.06464422,93.44413406,93.45883481,93.41106112,93.51489258,93.61667252,93.61967163,93.72791977,93.78226471,93.77189823,93.8526667,93.97708474,94.13671029,94.21082064,94.17870712,94.15182618,94.18190399,
Israel,91.28096532,91.36502184,91.44449672,91.51768978,91.58290081,91.63842963,91.68257604,91.71363984,91.72928689,91.73197386,91.73164267,91.73040247,91.72765028,91.72278315,91.71519809,91.70429216,91.68946236,91.67010575,91.64561935,91.6154002,91.57884532,91.53535175,91.49798343,91.50895698,91.53618884,
Italy,67.19322838,67.27519882,67.35387866,67.42994146,67.50724997,67.58971693,67.68125507,67.78577713,67.90719584,68.04942395,68.21637418,68.40150739,68.76087942,69.30739899,69.58076386,69.61000061,69.59692325,69.51807843,69.48000336,69.50500107,69.51874924,69.48125076,69.48397798,69.53815401,69.60475351,
Jamaica,51.71655508,51.93419058,52.14672223,52.35648914,52.5637656,52.76852379,52.97073593,53.17037422,53.36741085,53.56181803,53.75356795,53.95658611,54.24788177,54.54881981,54.86603957,55.1995248,55.54925928,55.91522675,56.29741099,56.69579574,57.11036476,57.54110179,57.9879906,58.45101494,58.93015854,
Jordan,78.28482475,78.29023653,78.29729189,78.30694203,78.31853504,78.41212623,78.75561257,79.33582707,80.12909662,81.1117481,82.26010839,83.55050438,84.95926296,86.46271102,88.03717543,89.88813919,90.56272795,90.87646097,91.20088591,91.51596649,91.8216723,92.11797291,92.40483791,92.68223687,92.95013938,
Japan,78.61268033,79.15774821,80.54698607,82.42067784,84.37105419,85.95736205,87.1460899,88.27014045,89.29215638,90.11311587,90.62285868,90.86316544,91.02652773,91.15165957,91.25489451,91.35326441,91.45412549,91.54984197,91.63773186,91.71642079,91.78099263,91.87410493,91.97765324,92.08269039,92.1901718,
Kazakhstan,56.02396077,55.78137171,55.50459113,55.21152772,54.92009022,54.64818735,54.41372781,54.23462033,54.12877364,54.11671447,54.20541275,54.39960864,54.69208193,55.07797648,55.55243618,56.11060489,56.7476265,57.45864487,58.23880389,59.08324743,59.98711935,61.03025428,61.44415733,61.75609195,62.07253158,
Kenya,19.45538322,20.44162971,21.85865681,23.56388981,25.41475397,27.26867456,28.98307686,30.41538612,31.42302763,31.86030867,31.87132877,31.8673949,31.85581301,31.83244544,31.79315453,31.7338026,31.65025201,31.53836508,31.39400416,31.18955664,31.20634946,31.2879334,31.43078201,31.63303408,31.89378317,
Kyrgyz Republic,35.32160678,35.31602737,35.31187032,35.30865198,35.3058887,35.30309681,35.29979268,35.29549265,35.28971306,35.28155236,35.26776824,35.2466508,35.21891622,35.18505292,35.1455493,35.10089377,35.05157472,34.99808057,34.94089972,34.88052058,34.81743154,34.75212102,34.70030535,34.70643918,34.72199779,
Cambodia,18.62422167,18.71868187,18.80364173,18.88817653,18.98136153,19.09227201,19.22998324,19.4035705,19.65745099,20.19797287,21.12322512,22.38247885,23.94110476,25.76447351,27.81795578,30.06692225,32.4767436,35.01279051,37.64043364,39.58302413,39.83265803,40.10918581,40.37461619,40.62907881,40.87270333,
Kiribati,43.32748088,43.47774406,43.49854571,43.51066831,43.52380253,43.54432744,43.73498264,44.62121418,45.94613255,47.3510239,48.46038396,49.12281695,49.58007867,49.96870433,50.39093089,50.95419704,51.7710553,52.97346973,54.50040231,56.28467271,58.41237141,59.63646453,60.57391266,61.52446762,62.46204313,
St. Kitts and Nevis,32.76429456,32.59606,32.43683544,32.28089815,32.12871992,31.98049758,31.83642793,31.69670779,31.56153397,31.43110329,31.30561257,31.20006484,31.20351388,31.21314856,31.22900153,31.25139297,31.28061719,31.31696425,31.360723,31.41218184,31.47162897,31.53935251,31.6156405,31.70078096,31.7950619,
"Korea, Rep.",79.57996075,79.87877044,80.27662945,80.70779351,81.10438678,81.39013523,81.56646211,81.7121258,81.83508331,81.92450451,81.9685076,81.96154081,81.90878982,81.82693835,81.73156828,81.63948986,81.55592418,81.47103043,81.3823523,81.29010635,81.17595956,81.16165265,81.16249416,81.16455517,81.16825285,
Kuwait,99,99.23475396,99.50902769,99.76557943,99.94716744,100,100,100,100,100,100,100,100,100,100,100,100,100,100,100,100,100,100,100,100,
Latin America & Caribbean (excluding high income),74.63518472,75.06959288,75.47073379,75.83496008,76.15921682,76.44450441,76.69402782,76.93218364,77.16237211,77.38531797,77.60305339,77.81387052,78.02749643,78.24869117,78.47420712,78.70525018,78.93820286,79.1732547,79.39536133,79.63464344,79.86925489,80.08503274,80.29444414,80.52622751,80.77023108,
Lao PDR,22.18409644,23.37288847,24.52478347,25.59458813,26.53710917,27.32249773,28.03787562,28.734305,29.40343481,30.04203115,30.64686009,31.21468771,31.7422801,32.22640334,32.66382352,33.12402044,33.82674555,34.51153464,35.205007,35.90728809,36.61850336,37.33877827,38.06823828,38.80700885,39.55521544,
Lebanon,86,86.14512381,86.29428466,86.44753518,86.60492797,86.76651567,86.93235088,87.10248623,87.27697433,87.45586781,87.63921928,87.82708137,88.01950668,88.21654785,88.41825748,88.6246882,88.83589263,89.05192339,89.27283309,89.49867435,89.7294998,89.96536205,90.20631371,90.45240742,90.70369578,
Liberia,43.7710043,44.1509656,44.56670153,45.0004573,45.43447815,45.8510093,46.23229599,46.61048508,47.10804979,47.62452559,48.14075171,48.65833028,49.17732476,49.69779862,50.21981532,50.7434383,51.26873102,51.79575696,52.32457955,52.85526226,53.38786856,53.92246189,54.45910571,54.99786348,55.53879867,
Libya,86.95085137,87.31944559,87.62561928,87.86598805,88.03716753,88.13577332,88.15995602,88.15602875,88.14744568,88.13458252,88.11771393,88.0970459,88.07279205,88.04514313,88.01420593,87.81591034,87.81600567,87.81667299,87.81848428,87.82201152,87.82782671,87.83650183,87.84860886,87.86471979,87.88540661,
St. Lucia,27.85322824,27.51603348,26.93832515,26.01195848,24.84591729,23.5419159,22.20166863,20.9268898,19.81929372,18.98059471,18.5125071,18.47434796,18.61930813,18.9258371,19.39154459,20.02042882,20.816488,21.78372036,22.92612411,24.24769747,25.75243866,27.44434589,29.09767853,29.09763132,29.09733542,
Latin America & Caribbean,75.56529388,75.97604517,76.35125018,76.69147353,76.99543364,77.26686855,77.50429414,77.73126074,77.95073759,78.16353748,78.37135488,78.57172073,78.76979061,78.97550563,79.18536545,79.40045973,79.61612436,79.82853317,80.01905115,80.22730191,80.43739184,80.63418715,80.82773278,81.04350315,81.2717001,
Least developed countries: UN classification,25.29697775,25.70425144,26.12359875,26.564709,27.0325253,27.51333761,28.00280729,28.45959326,28.9917994,29.4725533,29.93102265,30.36030555,30.77169005,31.20053003,31.65174415,32.10474831,32.56662533,33.0393666,33.51572412,33.96026976,34.386094,34.81704501,35.25892635,35.69593525,36.16546785,
Low income,29.07411637,29.34804542,29.57300093,29.77996473,30.01243536,30.23685302,30.48594425,30.78306676,31.06157727,31.33262071,31.6467021,32.08044955,32.68545917,33.27757522,33.62073386,33.85981121,34.15876993,34.50838268,34.89059848,35.26279899,35.64810345,36.02312453,36.4160806,36.80477418,37.21817492,
Liechtenstein,14.98999977,14.89576038,14.8086675,14.72910643,14.65746249,14.59412096,14.53946717,14.49388642,14.457764,14.43148523,14.41543541,14.40999985,14.41245454,14.4201756,14.43369851,14.45355878,14.48029187,14.51443328,14.55651849,14.607083,14.66666229,14.69891594,14.69230701,14.67837612,14.6575849,
Sri Lanka,14.6196895,14.57395395,14.61078368,14.72566304,14.91300611,15.16727392,15.48292753,15.85442799,16.27623634,16.74281364,17.24862094,17.78811928,18.26176867,18.43231365,18.61538772,18.79625661,18.97476794,19.15076931,19.32410834,19.49463264,19.66218983,19.82662752,19.98779332,20.14553484,20.29969971,
Lower middle income,31.3184251,31.688566,32.08631818,32.5121911,32.95836949,33.42051664,33.89695146,34.37163488,34.84814585,35.32712261,35.79489591,36.24466309,36.66271812,37.09587958,37.52915052,37.94969341,38.3536375,38.75168435,39.1530054,39.5561177,39.96629452,40.38371575,40.7971368,41.21457855,41.61656633,
Low & middle income,39.43674341,40.0442923,40.70271352,41.36932644,41.98847522,42.60569349,43.24768946,43.92827016,44.50062251,45.13234931,45.64380957,46.55565666,47.16247605,47.83374618,48.45607534,49.1189517,49.72046956,50.2874702,50.86896166,51.39190456,51.80871983,52.3095924,52.63967041,52.92879107,53.23381852,
Lesotho,19.32739886,19.8975236,20.49262727,21.12310849,21.79936591,22.53179816,23.33298862,24.21879499,25.19663037,26.25910283,27.4004815,28.61503552,29.89703401,31.24074609,32.64044091,34.09038758,35.50779507,36.52836481,37.56909275,38.60409204,39.63293054,40.65517609,41.67039652,42.67815968,43.67803342,
Late-demographic dividend,45.93010304,46.82412162,47.84570153,48.88107542,49.77199544,50.65851319,51.63573555,52.73801617,53.55844959,54.52253137,55.20027741,56.91887635,57.80706928,58.77883048,59.65768789,60.72945789,61.76224684,62.73929979,63.75794149,64.63073875,65.26285339,66.12843535,66.5775786,66.90970679,67.25802267,
Lithuania,66.97683748,66.92860975,66.88871002,66.75966644,66.60225677,66.57849121,66.63815308,66.71849823,66.7527771,66.78166199,66.77128601,66.75183401,66.85367584,67.00920868,67.15149376,67.2282486,67.18942261,67.10129547,67.1464742,67.24573517,67.42546082,68.1912117,68.28664524,68.57545458,68.82858333,
Luxembourg,84.41821552,84.81732541,85.20342565,85.59062951,85.97990972,86.37356491,86.77389368,87.18319465,87.60376642,88.0379076,88.48791682,88.95628148,89.4405768,89.94137467,90.45778077,90.98936794,91.53570901,92.09637681,92.67094419,93.25898397,93.860069,94.58617434,94.76054009,94.80153003,94.84387029,
Latvia,68.05205614,68.01636605,67.98134507,67.94938405,67.92067028,67.89539106,67.87373366,67.85588539,67.84203352,67.83236535,67.82706818,67.8266897,67.83316389,67.84733448,67.86860354,67.89653957,67.93071109,67.97068661,68.01603464,68.06632369,68.12112229,68.18087915,68.25702181,68.35863163,68.48394926,
"Macao SAR, China",99.99579267,99.99989841,100,100,100,100,100,100,100,100,100,100,100,100,100,100,100,100,100,100,100,100,100,100,100,
St. Martin (French part),100,100,100,100,100,100,100,100,100,100,100,100,100,100,100,100,100,100,100,100,100,100,100,100,100,
Morocco,53.58724711,53.89726135,54.22274583,54.57828111,54.97875697,55.43977987,55.96275896,56.53038413,57.12541693,57.73061891,58.32875165,58.90257669,59.4348556,59.90834993,60.30304862,60.64171247,60.96576565,61.2761057,61.56958228,61.84304502,62.0933436,62.31732766,62.51184686,62.67375084,62.7998124,
Monaco,100,100,100,100,100,100,100,100,100,100,100,100,100,100,100,100,100,100,100,100,100,100,100,100,100,
Moldova,40.41859818,39.67442703,39.62071991,39.59453583,39.44609451,39.37040329,39.21823883,39.4315033,39.37107086,39.32553482,39.28049469,39.3469162,39.36141968,39.42755127,39.62984848,39.69540405,39.73732376,39.9736557,40.32580948,40.77228928,41.33685303,41.81154251,42.40488434,43.00118256,43.51647186,
Madagascar,25.00957556,25.3079944,25.60374899,25.89676681,26.18697531,26.47430195,26.7586742,27.04001952,27.31826536,27.5933392,27.86516849,28.1336807,28.39880329,28.66046371,28.91858943,29.17310792,29.42394663,29.67103303,29.91811253,30.30469724,30.70194742,31.11371232,31.53978135,31.97994389,32.43398933,
Maldives,27.60385865,28.54991819,29.88816819,31.39133565,32.85419428,34.07151783,34.86786366,35.43407815,35.93351217,36.37182721,36.76461378,37.12746235,37.47596343,37.82570752,38.19388599,38.57715107,38.95608723,39.32787719,39.69233544,40.04927648,40.39851479,40.73986487,41.06417697,41.50968329,41.99821527,
"Middle East, North Africa, Afghanistan & Pakistan",48.69942202,49.01637054,49.27290689,49.51835739,49.80798845,50.10430792,50.37959769,50.68013299,50.98613503,51.27779036,51.49655144,51.84282697,52.34419051,52.93942469,53.32249174,53.63926324,53.90263757,54.0927614,54.24446533,54.44040809,54.68122401,54.81885682,55.1253638,55.43045512,55.694225,
Mexico,74.9203114,75.29075576,75.68407528,76.04617034,76.32743974,76.47486244,76.49824557,76.50473262,76.50904283,76.514393,76.52444414,76.56678023,76.65851991,76.79557681,76.97413671,77.19038542,77.44050874,77.72069246,78.02712239,78.35598433,78.6779606,78.93240074,79.19968322,79.47349357,79.7538806,
Marshall Islands,68.27559844,68.61707875,69.03808062,69.5231265,70.05673885,70.62344011,71.20775273,71.79419917,72.36730187,72.91158329,73.41156588,73.85537112,74.27051325,74.67906018,75.07905554,75.47025682,75.85242153,76.22530716,76.58867122,76.9422712,77.28586461,77.61631574,77.98559662,78.35939289,78.73256602,
Middle income,40.18117835,40.82180413,41.52411894,42.23846902,42.90002401,43.56178596,44.25100533,44.97922439,45.59229382,46.2712167,46.81716609,47.78780808,48.41212811,49.10573275,49.76781388,50.48540711,51.13431805,51.74371403,52.36908408,52.93440339,53.38353493,53.92659574,54.28099617,54.59227816,54.91822328,
North Macedonia,58.49183824,58.09431993,57.87261442,57.85017917,57.85279413,57.86142065,57.87965743,57.91110321,57.95935667,58.02801655,58.12068155,58.24095039,58.39242178,58.57869443,58.80336706,59.07003838,59.3823071,59.74377194,60.1580316,60.62868481,61.15933027,61.68419756,61.95305666,62.25183225,62.56453769,
Mali,18.97763104,19.31819501,19.67929804,20.05942312,20.45705329,20.87067154,21.2987609,21.73980436,22.19228496,22.65579552,23.13594618,23.6379674,24.16061688,24.70336269,25.26567287,25.84701549,26.44685861,27.06467029,27.69991859,28.35207157,29.0205973,29.70496383,30.40157057,31.0031889,31.60756212,
Malta,93.27833881,93.3621924,93.44310959,93.52410316,93.60818588,93.69851899,93.7986875,93.91182312,94.02947654,94.14237445,94.24124356,94.31559164,94.36262565,94.39065679,94.41251277,94.43876963,94.48000336,94.56918063,94.72423733,94.93320325,95.18410823,95.51453436,95.60031551,95.62722771,95.65462645,
Myanmar,27.53460727,27.71070641,27.88497005,28.05680261,28.22560853,28.39079224,28.55175819,28.70791079,28.8586545,29.00339373,29.14153292,29.27247651,29.39562894,29.51039462,29.61643421,29.71668212,29.81291656,29.90517277,29.99357405,30.07824369,30.159305,30.23688125,30.31109576,30.38207181,30.44990841,
"Middle East, North Africa, Afghanistan & Pakistan (excluding high income)",46.31478834,46.59497682,46.81093633,47.01794341,47.27462266,47.53193005,47.75126601,47.9731071,48.20307791,48.43734404,48.69022962,49.00445476,49.46909508,50.01902613,50.37564266,50.61921483,50.82736188,51.02128913,51.22783263,51.46159291,51.68968573,51.91578874,52.16932899,52.42339127,52.64183052,
Montenegro,59.08992601,60.13878796,61.02618172,61.69866162,62.21049832,62.67636806,63.11130859,63.5035791,63.8414388,64.11314689,64.30696258,64.42109148,64.52440087,64.6252988,64.72321438,64.81816529,64.91016923,64.99924387,65.08540689,65.16867599,65.24906884,65.32660313,65.40129654,65.47316676,65.54223147,
Mongolia,56.73054471,57.21559139,58.13101205,59.35469866,60.78299946,62.3122627,63.83883663,65.2590695,66.46930955,67.36590503,67.82980183,67.91960588,67.95227825,67.97767501,67.99413572,67.99999999,67.97767548,67.92605832,67.86834448,67.82772996,68.08947718,69.2153244,69.78380585,70.44644928,70.956604,
Northern Mariana Islands,90.15782126,90.25183058,90.34083508,90.42440819,90.50364161,90.57962706,90.65345623,90.72622085,90.79901261,90.87292323,90.94881803,91.02533679,91.10119276,91.17649419,91.25123444,91.32540685,91.39900479,91.47202159,91.54445062,91.61628521,91.69083674,91.78421373,91.87857886,91.97541129,92.07472609,
Mozambique,29.24236973,29.41370978,29.56863233,29.71463403,29.85921148,30.00986132,30.17408017,30.35981313,30.56253577,30.77155921,30.98617798,31.206223,31.43152517,31.6619154,31.89722458,32.13728363,32.38192344,32.62744115,32.99025591,33.41772415,33.90440064,34.44992594,35.0536638,35.71497831,36.43323374,
Mauritania,38.05558585,38.10707632,38.39003784,38.88669223,39.56855757,40.40715193,41.37399342,42.44060012,43.5784901,44.75918147,45.95419231,47.1350407,48.27324474,49.35539732,50.46947912,51.668035,52.91856273,54.19704485,55.1305077,56.05962158,56.98367011,57.90153514,58.81209962,59.71424647,60.60685864,
Mauritius,42.06312306,41.88272142,41.69868299,41.51270653,41.326554,41.14198742,40.96076875,40.78466001,40.61542317,40.45482023,40.30461318,40.16659232,40.03695116,39.91088486,39.7887572,39.67096106,39.55788933,39.44993487,39.34749056,39.25094928,39.16070391,39.07714732,39.00001259,39.00399011,39.0162147,
Malawi,14.67706033,14.78040072,14.87224874,14.95513847,15.03160398,15.10417937,15.1753987,15.24779607,15.32380299,15.40153128,15.47769694,15.55231539,15.6253133,15.69661735,15.76615419,15.83385049,15.89963294,15.96342819,16.02214866,16.13837466,16.29614718,16.48819258,16.7146032,16.97487467,17.26850353,
Malaysia,61.96945645,63.01808777,64.05636847,65.07509329,66.06478891,67.01598202,67.91919928,68.76496739,69.54381301,70.24626284,70.86253148,71.42451667,71.96801279,72.48827171,72.98022069,73.438787,73.85889789,74.23548064,74.56346251,74.83777077,75.05118956,75.50886282,75.97413571,76.44347521,76.91702966,
North America,79.03458726,79.26682176,79.50614416,79.74330613,79.97007434,80.17829911,80.36005241,80.5118308,80.62963658,80.70584554,80.73427884,80.73971212,80.73376522,80.71648087,80.68632038,80.64172237,80.58168994,80.50591593,80.41261367,80.29814278,80.20189899,80.23503934,80.27787601,80.33587417,80.40690976,
Namibia,32.11689564,32.85750584,33.64593015,34.54600637,35.53564767,36.58700146,37.67221516,38.76343621,39.83281203,40.85249003,41.79461766,42.62760756,43.38040792,44.11067691,44.82142482,45.51035544,46.17517256,46.81357997,47.42328144,48.00198077,48.54738175,49.05718815,49.52910377,49.95458378,50.40880303,
New Caledonia,61.61032871,61.9960127,62.41180353,62.85407254,63.31175008,63.91839104,64.75080258,65.62048022,66.32575098,66.66318596,66.70383622,66.72620912,66.74170599,66.75841279,66.78463871,66.82780455,66.89020547,66.96833933,67.05888098,67.15746737,67.27472611,67.41307765,67.5720305,67.75152231,67.95146956,
Niger,16.13076782,16.26872253,16.26872063,16.26872253,16.26872253,16.26872253,16.26757249,16.2641887,16.2586707,16.251118,16.24163013,16.23030661,16.2141284,16.21625957,16.24504246,16.30356066,16.38982805,16.50369879,16.64490118,16.8131465,17.008142,17.22959367,17.47720701,17.75068733,18.04973985,
Nigeria,43.27850513,44.12624214,44.97930255,45.83720809,46.69948049,47.56564148,48.42427199,49.23579872,50.05052123,50.86453485,51.67781883,52.49035242,53.3021149,54.11308552,54.92324353,55.73256821,56.54103879,57.34863456,58.15533475,58.96111864,59.76596548,60.56985454,61.37276506,62.17467632,62.97556756,
Nicaragua,55.21607079,55.35225218,55.48949619,55.63080429,55.77917793,55.93754804,56.10585477,56.28166184,56.46381245,56.65109831,56.84231109,57.0362425,57.23168422,57.42742795,57.62226537,57.81498819,58.00438808,58.18925674,58.36838587,58.54056714,58.70459227,58.85925293,58.99543762,59.12509537,59.26284027,
Netherlands,78.48268284,80.18405787,80.80852752,81.30113089,82.25095314,83.50489497,84.65322804,85.40892315,85.61495825,86.22231796,87.35027902,88.0059205,88.53424624,89.17499924,89.83647871,90.27877372,90.58032395,91.12197007,92.60624724,93.88980289,94.25322778,94.62947832,94.98561777,95.32216821,95.63965171,
Norway,76.13389224,76.39586193,76.79554425,77.26000214,77.56845939,77.82601489,78.08772278,78.40725026,78.7541006,79.05708202,79.24500275,79.31162045,79.49059254,79.97239805,80.61171595,81.2378241,81.68000031,81.96997459,82.24521124,82.49358949,82.70298857,82.86128772,82.95636618,83.07185607,83.32937379,
Nepal,31.09942418,32.80895233,35.03589443,38.04530839,41.61094708,45.50656334,49.50591003,53.38274001,56.91080612,59.86386121,62.01565816,63.1399498,63.65584062,64.13145702,64.56408471,64.95100942,65.28951688,65.57689281,65.81042292,65.98739295,66.10508861,66.14423527,66.29929687,66.54329335,66.77234316,
Nauru,100,100,100,100,100,100,100,100,100,100,100,100,100,100,100,100,100,100,100,100,100,100,100,100,100,
New Zealand,85.70596605,85.75451744,85.80615782,85.85796206,85.90177083,85.92993258,85.93568417,85.92918407,85.91447231,85.89183455,85.86140433,85.82331519,85.77770068,85.70801298,85.50766595,85.15187638,84.69136559,84.17010259,83.80178467,83.80496587,83.81389771,83.82993826,83.8547305,83.88989915,83.93706588,
OECD members,75.60305387,75.91579283,76.30497052,76.72419709,77.13491956,77.49369246,77.78884698,78.06420963,78.31817889,78.54733878,78.75694277,78.92497301,79.16104242,79.53009083,79.91544334,80.22340608,80.3858304,80.45253619,80.53756503,80.65068078,80.73814424,80.85578973,80.9495516,81.05426451,81.18598463,
Oman,71.54008352,71.5179623,71.50133181,71.4926172,71.54289235,71.85778034,72.39202612,73.06792502,73.80777237,74.53386351,75.15797247,75.65858035,76.08815662,76.49142342,76.88925767,77.3025363,77.75213623,78.314226,78.96558397,79.57800175,80.01763789,80.12399421,80.01170532,79.57029732,79.44403028,
Other small states,51.53534286,51.52163689,51.51752837,51.5855834,51.71711537,51.84625825,51.97952327,52.14335738,52.32169486,52.47479052,52.57089628,52.6428502,52.7289448,52.8229476,52.94395357,53.09384776,53.25603025,53.44412544,53.65191407,53.87273287,54.05992916,54.21997179,54.43673751,54.74133847,54.96155442,
Pakistan,33.00468845,33.19884717,33.38570785,33.56692097,33.74413696,33.91900628,34.09317939,34.26830673,34.44603877,34.62802596,34.81591875,35.01136759,35.21602294,35.43153525,35.65955498,35.90173257,36.15971849,36.43515482,36.74785116,37.10916317,37.50801929,37.93333955,38.37404398,38.81918619,39.17343684,
Panama,62.216537,62.63370173,63.03309044,63.40799499,63.75537584,64.07219344,64.35540826,64.60198074,64.80887135,64.97304055,65.09260976,65.18966787,65.28294683,65.37097701,65.45311648,65.52872329,65.59715553,65.65777125,65.70992851,65.7529854,65.78629996,65.80923027,65.82113439,65.86012712,65.99584477,
Peru,72.77248312,73.15658141,73.55006519,73.95587507,74.37695164,74.81623548,75.2766672,75.76152506,76.27448791,76.82214754,77.40209368,78.0118165,78.64880615,79.31055278,79.99454657,80.69827766,81.41923622,82.19316505,82.685493,83.10330031,83.52674372,83.94801183,84.3663555,84.78102558,85.19127296,
Philippines,39.13841714,39.53751856,39.95539229,40.39285061,40.8507058,41.32977013,41.83085587,42.34705,43.15474924,44.33567726,45.52081767,46.68336325,47.91827848,49.13136888,50.23924002,51.15490477,51.91147482,52.60104824,53.20888975,53.71578599,54.10777199,54.45041025,54.79023436,55.12427162,55.45209832,
Palau,69.58762018,70.5337109,72.38170319,74.54448481,76.44532389,77.57426821,78.30689576,79.0196013,79.66392131,80.21867129,80.66266673,80.97472312,81.12856636,81.07568953,80.73386404,80.38824627,80.10893358,79.8284579,79.55208686,79.28038142,79.0796884,79.08907988,79.11348317,79.15319914,79.20950429,
Papua New Guinea,13.22287723,13.18640947,13.15306946,13.12260678,13.09516738,13.07089717,13.04994211,13.03244813,13.01856116,13.00842714,13.00219201,13.0000025,13.01437961,13.05824757,13.1316404,13.23413598,13.36536519,13.52496449,13.71257205,13.92782674,14.17036772,14.43983428,14.73586583,15.05810179,15.40618164,
Poland,61.74591606,61.75577086,61.75815346,61.72813744,61.65551726,61.54970108,61.41996885,61.27560052,61.12587604,60.98007535,60.8474784,60.73570907,60.63416328,60.53331875,60.43400633,60.33628868,60.24022842,60.1458882,60.05333065,59.96261841,59.87381411,59.80965132,59.8315488,59.88595614,59.97054687,
Pre-demographic dividend,33.52533172,34.01959369,34.51843521,35.03393343,35.58195526,36.13311939,36.65705884,37.15497586,37.66942528,38.17549799,38.66241069,39.15421012,39.6613429,40.18016622,40.69547512,41.19243465,41.66818166,42.1469262,42.61551402,43.04641254,43.49665173,43.96517485,44.44794988,44.94327467,45.44125104,
Puerto Rico (US),94.4035182,94.37744623,94.32187125,94.24494452,94.15442103,94.05805575,93.96360365,93.87881971,93.81145891,93.76927621,93.75887722,93.75982021,93.76307444,93.76983169,93.78130718,93.79871614,93.8232738,93.85619538,93.89869611,93.95199122,94.0116145,94.05507126,94.11109231,94.17743593,94.25395052,
"Korea, Dem. People's Rep.",59.41964177,59.48026763,59.54194142,59.60640248,59.67539013,59.75064371,59.83390257,59.92690602,60.03106922,60.15444146,60.30700747,60.48362307,60.67811408,60.88430632,61.09409475,61.32475712,61.56813514,61.82060761,62.08261198,62.35422266,62.63551405,62.92656056,63.22743659,63.53821654,63.85897482,
Portugal,54.40516354,55.0679833,55.78929987,56.58655095,57.41718576,58.24507634,59.03409471,59.7481129,60.35100294,60.80663687,61.07888672,61.14106984,61.14097939,61.14053152,61.13945374,61.13746921,61.13430112,61.12967265,61.12330697,61.11492725,61.10425668,61.09512493,61.12592558,61.20486526,61.32819073,
Paraguay,57.51411694,57.96865773,58.30897329,58.55213344,58.74213703,58.89407914,59.02022868,59.13285456,59.24422568,59.36661094,59.51227926,59.69349954,59.92129095,60.23753156,60.71019659,61.33027685,62.08276132,62.95263898,63.92489882,64.98452983,66.11652099,67.30586128,68.63965378,69.34660817,69.86225859,
West Bank and Gaza,72.06943286,73.72582845,75.4978749,77.28650267,78.99264223,80.51722406,81.76117863,82.59612631,83.09790989,83.50503448,83.88534911,84.23409506,84.54651359,84.81784599,85.04333352,85.21821745,85.33773907,85.37822554,85.53511311,85.81361742,86.07411837,86.33495639,86.59614232,86.85768704,87.11960141,
Pacific island small states,34.43844476,34.66196042,34.88770892,35.11471261,35.34455846,35.57668768,35.82869425,36.13075166,36.45808073,36.78821076,37.08352595,37.29155975,37.50214042,37.72611451,37.96586225,38.22588759,38.51061534,38.80435132,39.03307261,39.27088004,39.45091087,39.6583319,39.94279008,40.25263583,40.56327996,
Post-demographic dividend,76.82799696,77.10362484,77.46632031,77.87552469,78.29159783,78.66335871,78.97448712,79.24709324,79.49668831,79.70551169,79.87032207,79.97984959,80.08153234,80.19714249,80.29937849,80.40105624,80.51213924,80.57302821,80.63787581,80.70130344,80.73904318,80.81705381,80.93281888,81.06111832,81.15485534,
French Polynesia,55.95425399,55.89318758,55.86317944,55.92835502,56.27299499,56.84728508,57.58258343,58.41024819,59.26163751,60.06810953,60.7610224,61.27173426,61.52865396,61.61304867,61.68248074,61.73747422,61.77443814,61.78969411,61.78880252,61.78241424,61.76731009,61.73998132,61.69138069,61.6967135,61.71919847,
Qatar,96.29427189,96.46743076,96.64244976,96.83111821,97.04725796,97.30166549,97.58273788,97.86631251,98.12951939,98.34948853,98.50662322,98.63006102,98.74280105,98.83576218,98.90162784,98.93824077,98.98552653,99.03101253,99.07556848,99.11916967,99.16179138,99.20340891,99.24399753,99.28353252,99.32198917,
Romania,52.8619549,52.76480869,52.74664279,52.80234938,52.91752955,53.07450703,53.25663807,53.44727891,53.62978582,53.78751503,53.90382279,53.96088742,53.95630925,53.9101758,53.82671876,53.70718395,53.5528172,53.36486432,53.14457116,52.89318352,52.61194725,52.23215121,52.16348325,52.1645747,52.16747789,
Russian Federation,73.1568222,73.22998047,73.2929008,73.40573883,73.30657959,73.16139221,73.24391937,73.38560486,73.4822464,73.52886963,73.66963079,73.85348511,73.97265625,74.07629498,74.17764767,74.27591907,74.37031387,74.46003681,74.54429261,74.622286,74.69322168,74.75168402,74.85448936,74.98050479,75.11191362,
Rwanda,15.78044746,16.54873997,16.87788471,16.89474323,16.90200995,16.90721145,16.91101392,16.91408361,16.91708671,16.92068944,16.92555803,16.93235869,16.94102489,17.07422061,17.50207165,18.19531499,19.12139518,20.24775681,21.54184446,22.9711027,24.50297611,26.10490928,27.78067027,28.85553106,29.88497143,
South Asia,27.04118505,27.3367177,27.66241109,28.02279293,28.41064857,28.81943525,29.24272973,29.67449732,30.10903987,30.54066597,30.9636904,31.34991455,31.6728581,32.00037733,32.31958108,32.63803481,32.95321399,33.26438762,33.57357951,33.88606645,34.20006539,34.50869687,34.8137521,35.1371655,35.46285872,
Saudi Arabia,79.97048608,80.15524281,80.34381341,80.54144563,80.75423165,80.97755031,81.20085881,81.42300155,81.6441431,81.86444801,82.07916685,82.25438762,82.4311918,82.60718846,82.78225713,82.95627734,83.12912863,83.30069053,83.47084259,83.63946433,83.80643529,83.971635,84.134943,84.29623883,84.45540202,
Sudan,32.34358805,32.37604153,32.40388202,32.42716847,32.44595983,32.46031504,32.47029306,32.47595283,32.48162307,32.5774623,32.71740266,32.90597601,33.14255616,33.4264778,33.76245824,34.09143946,34.18819588,34.28722257,34.38205422,34.47276858,34.55944338,34.64215634,34.72098521,34.7960077,34.86730155,
Senegal,40.66675555,40.87634202,41.10814716,41.35893935,41.62481939,41.90575997,42.2046413,42.52434361,42.8677471,43.23773199,43.63717851,44.06896685,44.53597725,45.03987505,45.60209053,46.27476696,47.05535799,47.93383496,48.90016923,49.94433213,51.05629501,52.22602922,53.4435061,54.69922762,55.23681691,
Singapore,100,100,100,100,100,100,100,100,100,100,100,100,100,100,100,100,100,100,100,100,100,100,100,100,100,
Solomon Islands,15.75235937,16.06192584,16.40262121,16.77331158,17.17286301,17.60014159,18.0540134,18.53334453,19.03700105,19.5633741,20.11940582,20.7284893,21.39069642,22.10272625,22.86127783,23.66305021,24.50474244,25.38305358,26.29468267,27.27510675,28.03275552,28.68893968,29.35116899,30.00888211,30.66171886,
Sierra Leone,35.53278672,35.7636513,36.00827915,36.26905116,36.54912838,36.84855197,37.17038053,37.51228594,37.87259516,38.24963515,38.64173289,39.04721535,39.46440949,39.89164228,40.32724069,40.76695652,41.22941154,41.71066821,42.20110253,42.70184449,43.21296591,43.7345386,44.26663435,44.80932499,45.36268232,
El Salvador,56.56385698,57.45267604,58.3486234,59.24685766,60.14253743,61.03082132,61.90686794,62.76768781,63.63725035,64.52990475,65.43279275,66.33441364,67.2232667,68.0878512,68.91666643,69.69821167,70.39901733,71.08567047,71.75772095,72.4148941,73.05702209,73.68385315,74.14650213,74.60806751,75.06749051,
San Marino,93.77097626,93.90000153,93.94881673,94,94.21437918,94.64548968,95.2084276,95.81828902,96.39017002,96.8391667,97.07461577,97.09999847,97.09999847,97.09999847,97.09999847,97.09999847,97.09999847,97.09999847,97.09999847,97.09999847,97.09999847,97.10356685,97.11418894,97.13173104,97.15605559,
"Somalia, Fed. Rep.",33.05961369,33.51281839,33.98720551,34.47196657,34.9620706,35.46749281,35.99820838,36.5641925,37.17542036,37.84186715,38.57350806,39.38031828,40.27227301,41.25934743,42.35151672,43.86181074,45.94284273,48.363963,50.95062153,51.64211707,52.28631801,52.90606497,53.50101159,54.07144355,54.61764655,
Serbia,55.59231157,56.04823211,56.4629015,56.87842645,57.3144556,57.75089099,58.17091529,58.55771118,58.89446132,59.1643484,59.35055507,59.43491878,59.34684372,59.61110687,59.87793732,60.1388092,60.385387,60.62120819,60.8433609,61.04922485,61.22320175,61.36389923,61.90138135,62.14346492,62.38300298,
Sub-Saharan Africa (excluding high income),34.60816844,35.10957606,35.62504366,36.15902959,36.71180599,37.2638245,37.81753256,38.34619052,38.85170914,39.33199084,39.78858128,40.24302022,40.69966972,41.16324941,41.64872221,42.13608248,42.60747487,43.08551024,43.56915386,44.02015206,44.49299165,44.97859725,45.47491583,45.98068862,46.48827609,
South Sudan,16.04285401,16.25596187,16.44764541,16.61544723,16.75690991,16.86957603,16.95098818,16.99868895,17.03011412,17.29372846,17.5356202,17.78176781,18.03218854,18.28689965,18.54591837,18.80926196,19.07694766,19.34899272,19.62541439,19.90622992,20.19145655,20.48111153,20.7752121,21.07377553,21.37681904,
Sub-Saharan Africa,32.66059332,33.12479856,33.60324679,34.09825026,34.61130755,35.12538844,35.64224466,36.10133266,36.62342606,37.08944204,37.53267959,37.97619232,38.41952001,38.87808975,39.35668535,39.83802489,40.30342553,40.77471318,41.25646736,41.70690969,42.16683899,42.64869756,43.15547709,43.63922847,44.14922276,
Small states,49.29618718,49.31709291,49.33880648,49.39082358,49.46701868,49.51459233,49.58662321,49.68671012,49.80316791,49.90829276,49.97891725,50.03938789,50.12164119,50.2078521,50.31455358,50.44324806,50.58237178,50.74051996,50.88340756,51.05100075,51.20917005,51.34007278,51.52228006,51.7493987,51.92759482,
Sao Tome and Principe,52.96634371,53.96120399,55.0882711,56.41284709,57.87748455,59.41880169,60.97341673,62.47794788,63.86901334,65.08323134,66.05722007,66.72759776,67.03358894,67.13066864,67.26067352,67.39157104,67.52188873,67.65200043,67.78288269,67.91299438,68.04367065,68.17389679,68.37209198,68.60439211,68.87101702,
Suriname,66.70152221,66.71895929,66.73205495,66.74040733,66.74360471,66.73218265,66.69679823,66.64331801,66.57769618,66.50588691,66.43384437,66.36752273,66.31325627,66.26835751,66.22492662,66.18288151,66.1426467,66.10464671,66.06930604,66.03704923,66.00830078,65.98539734,65.89854431,65.75624084,65.76418572,
Slovak Republic,56.10588933,55.99684267,55.87761404,55.73860072,55.58438334,55.41898476,55.24642784,55.07073545,54.89593045,54.7260357,54.56507407,54.4167388,54.27645283,54.13840241,54.00291255,53.8700628,53.73993271,53.61260182,53.48814969,53.36665587,53.24819989,53.19014799,53.19028311,53.19080502,53.1919703,
Slovenia,50.69750298,50.75975035,50.77445563,50.75538426,50.71244106,50.6487814,50.56725528,50.47071271,50.36200368,50.24397821,50.11948628,49.94638187,49.76194763,50.04665808,50.98347092,53.66121603,53.64727402,55.24511337,55.1913431,55.45232773,55.38439178,55.30462894,55.33778179,55.53789278,55.75777084,
Sweden,84.04000092,84.08271528,84.13425084,84.19542897,84.26707105,84.34999847,84.45532006,84.59068755,84.75173667,84.93410319,85.13342285,85.36007489,85.62506689,85.92497713,86.25638387,86.61586541,87,87.23737379,87.47374309,87.70884202,87.94240469,88.1741652,88.40385765,88.63121616,88.85597483,
Eswatini,22.84093308,22.70956191,22.56908843,22.4312317,22.30771078,22.21024476,22.1505527,22.13998997,22.16920088,22.23438656,22.33307921,22.46347537,22.62377159,22.81216444,23.02685045,23.26602618,23.52788817,23.8052005,24.05792954,24.34595495,24.66527989,25.01561805,25.39668292,25.80818785,26.24984613,
Sint Maarten (Dutch part),100,100,100,100,100,100,100,100,100,100,100,100,100,100,100,100,100,100,100,100,100,100,100,100,100,
Seychelles,43.39742307,43.21729859,43.09484645,43.00493286,42.92377569,42.85103491,42.78804314,42.73613301,42.69663713,42.67088812,42.66030724,42.67398449,42.72617585,42.81506963,42.93862562,43.09480357,43.28156325,43.49686444,43.7386669,44.0049304,44.29361472,44.60267961,44.910821,45.09710813,45.28986225,
Syrian Arab Republic,51.87681161,52.2854637,52.69577457,53.10240105,53.5,53.82272024,54.05977038,54.28839694,54.58584644,55.02936538,55.69620029,58.48177042,65.08966628,73.06204919,76,75.75290672,75.15400963,74.53955963,74.06126024,73.82487883,73.41250311,73.01250076,72.61249924,72.16738031,72.07613458,
Turks and Caicos Islands,84.61394347,85.33379637,86.0142597,86.67156552,87.30418831,87.90843607,88.4806168,89.0170385,89.51400918,89.96783684,90.37482947,90.73129508,91.03526676,91.31689279,91.59712005,91.87379372,92.14669045,92.41558688,92.68025966,92.94048543,93.19604084,93.44670254,93.69224717,93.93245137,94.16709179,
Chad,21.65276908,21.67809826,21.7007762,21.72070312,21.73777921,21.7519047,21.76297978,21.77090468,21.7755796,21.77843966,21.84723782,21.95587368,22.10619041,22.29759299,22.52945135,22.80112588,23.11197347,23.46134947,23.84860849,24.27310474,24.73419218,25.23122464,25.76355586,26.33053952,26.93152924,
East Asia & Pacific (IDA & IBRD countries),36.41121528,37.49980314,38.72796985,39.95945279,41.03905211,42.11376975,43.26533267,44.53935835,45.5089965,46.66370451,47.49444106,49.47569736,50.54896042,51.69775214,52.75302273,54.02108771,55.24056792,56.39883673,57.59529673,58.60981417,59.33019976,60.32087549,60.83018278,61.19910113,61.5847679,
Europe & Central Asia (IDA & IBRD countries),62.66849502,62.83945814,63.01336639,63.22226794,63.36235535,63.48587676,63.70217136,63.94856871,64.19452427,64.43543794,64.72586674,65.09534581,65.61540489,66.46646336,67.3911891,68.07198892,68.29986647,68.36719968,68.46563241,68.63938814,68.75507548,68.86803707,68.91127833,68.95992373,69.06970127,
Togo,33.09948441,33.55036359,34.00113704,34.45139897,34.90074356,35.34876503,35.79505758,36.23921541,36.68083272,37.11950372,37.5545883,37.98723056,38.41943596,38.85167679,39.28395065,39.71625513,40.14858783,40.58094634,41.01332827,41.4457312,41.87815273,42.31059045,42.7332328,43.2496853,43.81484916,
Thailand,31.46262127,32.74280548,34.0732781,35.42703544,36.78551628,38.13015944,39.4424037,40.70368787,41.89545074,42.99913112,44.00187366,44.80487236,45.37356581,45.83213438,46.31387995,46.95210438,47.88010956,49.23119736,54.58437347,55.92661667,57.23587799,58.50877762,59.74237442,60.93419266,61.86893384,
Tajikistan,26.53551047,26.53450418,26.5336514,26.53312044,26.53277726,26.53248783,26.53211808,26.53153399,26.53060151,26.52918659,26.5274313,26.47922134,26.41022491,26.48831558,26.56337357,26.47883224,26.37185097,26.2731514,26.23387527,26.13007355,26.19254423,26.19915252,26.19571266,26.18901276,26.17880637,
Turkmenistan,46.07366891,46.3715562,46.59248461,46.70000076,46.73754274,46.77286839,46.80600405,46.83697603,46.86581067,46.8925343,46.91717322,46.93975379,46.96030231,46.97884512,46.99540854,47.0100189,47.02270252,47.03348574,47.04239487,47.04945625,47.05469619,47.05814103,47.05921034,47.06788751,47.08752539,
Latin America & the Caribbean (IDA & IBRD countries),75.4082129,75.82806384,76.21741478,76.56951914,76.88329369,77.16290196,77.40712923,77.64022926,77.86525828,78.08314985,78.2956489,78.50114367,78.70477501,78.91658362,79.13305031,79.35482582,79.57671939,79.79522841,79.99228219,80.2043693,80.41929773,80.62109991,80.81952551,81.03980759,81.27200967,
Timor-Leste,24.11394272,24.46964167,24.85061089,25.26115408,25.70408301,26.30973089,27.12169788,28.00116552,28.80767455,29.4007657,29.639884,29.63335231,29.61360823,29.58369063,29.5463092,29.5043315,29.44629076,29.36009968,29.24861751,29.11487552,28.96190499,28.79273717,28.58572923,28.59547183,28.66410742,
"Middle East, North Africa, Afghanistan & Pakistan (IDA & IBRD)",46.15120255,46.42201221,46.62731627,46.82350271,47.07027741,47.31881486,47.53091669,47.74794391,47.97480672,48.20688465,48.45792123,48.77091971,49.23547544,49.78610781,50.14243142,50.38510772,50.59241768,50.78665714,50.99171565,51.22343311,51.44953628,51.67357546,51.92527556,52.17767092,52.39419644,
Tonga,23.02515138,23.04886341,23.07142859,23.09436218,23.11917945,23.14739565,23.18014213,23.22399766,23.28890008,23.36120682,23.42436191,23.46075468,23.45890626,23.4170795,23.34310409,23.24344228,23.12770385,22.97113007,22.70171389,22.32881556,21.87662068,21.2580039,21.14721945,21.14794454,21.15052711,
South Asia (IDA & IBRD),27.04118505,27.3367177,27.66241109,28.02279293,28.41064857,28.81943525,29.24272973,29.67449732,30.10903987,30.54066597,30.9636904,31.34991455,31.6728581,32.00037733,32.31958108,32.63803481,32.95321399,33.26438762,33.57357951,33.88606645,34.20006539,34.50869687,34.8137521,35.1371655,35.46285872,
Sub-Saharan Africa (IDA & IBRD countries),32.66059332,33.12479856,33.60324679,34.09825026,34.61130755,35.12538844,35.64224466,36.10133266,36.62342606,37.08944204,37.53267959,37.97619232,38.41952001,38.87808975,39.35668535,39.83802489,40.30342553,40.77471318,41.25646736,41.70690969,42.16683899,42.64869756,43.15547709,43.63922847,44.14922276,
Trinidad and Tobago,55.92914683,55.90101909,55.82981214,55.71880508,55.57112413,55.38989555,55.17824558,54.93930046,54.67618642,54.39202972,54.0899566,53.92536155,53.92540534,53.925579,53.92596995,53.92666524,53.92775231,53.92931868,53.93145189,53.93423947,53.93776896,53.94212789,53.94740379,53.95368421,53.96105668,
Tunisia,63.61666538,63.95417575,64.28225549,64.60559727,64.92727415,65.23409017,65.52098097,65.80000305,66.0676054,66.33621979,66.62800598,66.91918862,67.20989227,67.49995422,67.75246434,67.88079071,68.06233565,68.28778076,68.54852403,68.82063826,69.10431664,69.39975238,69.70713865,70.02666865,70.35853557,
Turkiye,58.970612,59.87224614,60.73853427,61.58450607,62.43884812,63.33024703,64.28738939,65.33896182,66.51365089,67.84014322,69.34712539,71.00287235,73.77886802,78.52183684,83.60248507,87.2167108,88.10209586,88.03204727,88.16557496,88.66181529,88.9303115,89.17620482,89.03811646,89.02184468,89.34431229,
Tuvalu,45.51194944,46.09202207,46.74354819,47.49865116,48.40121265,49.42097909,50.52298612,51.67226937,52.83386445,53.972807,55.05413266,56.04287704,56.89649033,57.63143368,58.29995966,58.91485027,59.47447683,59.95312749,60.55964096,61.24065292,61.92126105,62.60982964,63.30657681,64.01172067,64.72547934,
Tanzania,22.1944164,22.59632287,23.03069182,23.52020873,24.08324691,24.70618845,25.37410332,26.07206148,26.7851329,27.49838755,28.19689539,28.86572641,29.48787646,30.07251088,30.64430772,31.20615666,31.75773032,32.29870133,32.8287423,33.34752585,33.8547246,34.35001118,34.82347364,35.47480194,36.16844589,
Uganda,11.64147581,11.90138897,12.20279357,12.59041367,13.12211184,13.79072395,14.58515203,15.4942981,16.50706419,17.61235234,18.79906455,20.05610287,21.37236932,22.73676592,24.19385034,24.97778566,25.69535671,26.41392606,27.1280475,27.83697818,28.53997523,29.23629578,29.92519697,30.60593594,31.27776982,
Ukraine,67.4038573,67.27498055,67.26727334,67.41967987,67.59709684,67.81360463,68.02933478,68.21023224,68.37520858,68.52514422,68.63739713,68.72342998,68.82419831,68.93262881,69.05543393,69.15873172,69.21022416,69.26331085,69.31579928,69.35276487,69.38391005,69.40270327,69.42345912,69.4754455,69.53156432,
Upper middle income,48.1503102,49.11992899,50.1871345,51.25572729,52.20775079,53.14551506,54.12936903,55.20417215,56.04662413,57.01717558,57.74001573,59.32677905,60.24548286,61.28524083,62.26997813,63.3807361,64.37359667,65.2912689,66.24312434,67.07894492,67.6849904,68.48779961,68.92054654,69.2696281,69.65048148,
Uruguay,91.27697682,91.37592506,91.48860847,91.62600942,91.80094341,92.081271,92.48454828,92.9603688,93.45975579,93.93373243,94.33332195,94.60368248,94.76065975,94.88447351,94.98978212,95.08000023,95.1585425,95.22882357,95.29425812,95.34793091,95.39976501,95.44971466,95.4977417,95.54396057,95.59819516,
United States,79.07408979,79.30862237,79.54610398,79.77733503,79.9960937,80.19615817,80.37130664,80.51531729,80.62196829,80.68503784,80.69977447,80.69575543,80.68374934,80.66088928,80.62422318,80.57079895,80.49766453,80.40186784,80.2804568,80.13047934,79.99745176,80.00747651,80.03249782,80.07156112,80.1247798,
Uzbekistan,47.6731005,48.49018863,49.25745927,49.95668815,50.56965102,51.07812363,51.46388172,51.70870103,51.7943573,51.61050415,51.33216476,51.33955002,51.33596802,51.12769699,50.88687134,50.65973282,50.65721893,50.67873764,50.58149719,50.5920105,50.76704025,50.92699051,50.98474121,50.99648411,50.99866867,
St. Vincent and the Grenadines,44.89031149,45.00765715,45.12142668,45.23615271,45.35171852,45.46812217,45.58536169,45.70343514,45.82234058,45.94207604,46.0626396,46.18402928,46.30631148,46.4319347,46.55799305,46.68456387,46.81165895,46.93929005,47.06746894,47.1962074,47.32551719,47.45541007,47.58589783,47.71699223,47.84870505,
"Venezuela, RB",88.21947643,88.37277412,88.4553811,88.52227434,88.58355464,88.6386733,88.6870816,88.72823086,88.76157236,88.7865574,88.80263729,88.80792789,88.84018685,88.8786817,88.91639135,88.95398041,88.99144284,89.02877261,89.06596369,89.10301005,89.13990566,89.17664447,89.21322047,89.24962762,89.28585988,
British Virgin Islands,41.98142541,42.02354542,42.44091789,42.85260823,43.28604333,43.74121413,44.2181116,44.71672669,45.23705035,45.77907352,46.34278717,46.92818222,47.53524965,48.16398037,48.81436536,49.48639554,50.18006186,50.89535528,51.63226672,52.39078714,53.17090748,53.97261868,54.79591169,55.64077745,56.5072069,
Virgin Islands (U.S.),92.62344465,92.93125053,93.21916748,93.47732242,93.70714839,93.91007838,94.08754543,94.24098254,94.37182274,94.48149903,94.57243927,94.65535789,94.73535911,94.81059582,94.87970707,94.94133191,94.99410939,95.03667855,95.06767845,95.08574814,95.09740245,95.16043106,95.21715147,95.27407909,95.3312197,
Viet Nam,24.36725269,24.94893627,25.55409257,26.17454078,26.80210013,27.42858982,28.04582906,28.64563705,29.21983301,29.75813474,30.25040273,30.69960417,31.12227794,31.53342017,31.94802699,32.38109454,32.84761893,33.3625963,33.94102278,34.6239135,35.57066763,36.65406564,37.54785156,38.12989044,38.49007034,
Vanuatu,21.65724906,21.93417069,22.20114589,22.46413724,22.72910731,23.00201867,23.28883388,23.59551554,23.9280262,24.28617533,24.74250412,24.7861634,24.81835514,24.84073628,24.85496377,24.86269458,24.86548756,24.76444415,24.2729727,23.50246689,22.41868521,22.25018224,22.25412497,22.26519668,22.28669334,
World,46.83906077,47.30416768,47.82540429,48.36300519,48.86500016,49.35779526,49.87133078,50.41454183,50.87924384,51.37287891,51.75898712,52.4574472,52.91696432,53.43242855,53.9080112,54.42468157,54.89364242,55.31842265,55.75103588,56.13939981,56.44255326,56.80751401,57.07033029,57.3099507,57.56347971,
Samoa,21.9529698,21.97498955,21.94319037,21.78068753,21.5282844,21.23529042,20.95679571,20.69444813,20.40384577,20.10453215,19.83021019,19.61742737,19.47871837,19.38659496,19.31266795,19.23401054,19.12646237,18.96571919,18.72412679,18.41473445,18.0516609,17.56724265,17.500795,17.50127998,17.50291151,
Kosovo,37.48319551,37.50848068,37.53410265,37.5615509,37.5923149,37.62788415,37.66974812,37.71939629,37.77831814,37.84800315,37.9299408,38.02551843,38.22969592,38.62517495,39.19389228,39.91768115,40.77837483,41.75780656,42.83780958,44.00021716,45.22686253,46.49957894,47.80019965,49.11055791,50.32144439,
"Yemen, Rep.",26.60548594,27.10336031,27.57776193,28.02770615,28.45065238,28.85237866,29.23794935,29.60915389,29.96466372,30.30315022,30.62328483,30.92373895,31.20318399,31.44271879,31.86261622,32.38831787,32.9512008,33.55869125,34.21060458,34.90675617,35.70256046,36.07049513,36.32263103,36.57079798,36.80775176,
South Africa,56.25899549,57.00143394,57.67235875,58.37243412,59.0977391,59.82417584,60.52764652,61.18405332,61.76929839,62.25928391,62.62991206,62.85062775,62.96165603,63.05240241,63.13523271,63.20963499,63.27509734,63.33110783,63.37715452,63.4127255,63.43730883,63.45039259,63.47666992,63.58237052,63.69179849,
Zambia,35.8735461,35.88464829,36.07060357,36.38585601,36.80358811,37.29698238,37.83922132,38.40348743,38.96296323,39.4908312,39.95588577,40.36844918,40.76985568,41.16822662,41.56347417,41.95551047,42.34424769,42.72959799,43.11147352,43.48978645,43.86444894,44.23537314,44.59885112,45.02858535,45.47038385,
Zimbabwe,32.39915689,32.49992784,32.56318842,32.60033723,32.62781682,32.64827097,32.66407946,32.67762208,32.69127862,32.70742886,32.72845258,32.75672958,32.79317521,32.90193432,33.1628076,33.56126418,34.07994607,34.7014953,35.40855388,36.18376383,37.00976716,37.86920589,38.70552072,39.29193708,39.89337168,
